<?xml version='1.0' encoding='UTF-8'?>
<osm version='0.6' generator='JOSM'>
  <node id='-2147499064' action='modify' visible='true' lat='38.76511820613' lon='-9.13070083737' />
  <node id='-2147499065' action='modify' visible='true' lat='38.76516003352' lon='-9.13027168393' />
  <node id='-2147499066' action='modify' visible='true' lat='38.76501782029' lon='-9.13031459928' />
  <node id='-2147499067' action='modify' visible='true' lat='38.76475430261' lon='-9.1297754699' />
  <node id='-2147499068' action='modify' visible='true' lat='38.76495716627' lon='-9.12964672386' />
  <node id='-2147499069' action='modify' visible='true' lat='38.76513702428' lon='-9.12922025264' />
  <node id='-2147499070' action='modify' visible='true' lat='38.7654883735' lon='-9.12944287599' />
  <node id='-2147499071' action='modify' visible='true' lat='38.76587109122' lon='-9.12941068948' />
  <node id='-2147499072' action='modify' visible='true' lat='38.76632491231' lon='-9.12935168087' />
  <node id='-2147499073' action='modify' visible='true' lat='38.76657796336' lon='-9.12887424767' />
  <node id='-2147499074' action='modify' visible='true' lat='38.7667254018' lon='-9.12862480223' />
  <node id='-2147499075' action='modify' visible='true' lat='38.76694394471' lon='-9.12878573477' />
  <node id='-2147499076' action='modify' visible='true' lat='38.7670380539' lon='-9.12852287829' />
  <node id='-2147499077' action='modify' visible='true' lat='38.76707151491' lon='-9.12830025495' />
  <node id='-2147499078' action='modify' visible='true' lat='38.76724509367' lon='-9.12762165606' />
  <node id='-2147499079' action='modify' visible='true' lat='38.76737893724' lon='-9.12711203635' />
  <node id='-2147499080' action='modify' visible='true' lat='38.76750232407' lon='-9.12684381545' />
  <node id='-2147499081' action='modify' visible='true' lat='38.76771772766' lon='-9.12666678965' />
  <node id='-2147499082' action='modify' visible='true' lat='38.76955177305' lon='-9.12607670903' />
  <node id='-2147499083' action='modify' visible='true' lat='38.76977762663' lon='-9.12630201459' />
  <node id='-2147499084' action='modify' visible='true' lat='38.76998256722' lon='-9.12764848351' />
  <node id='-2147499085' action='modify' visible='true' lat='38.77084833018' lon='-9.12782550931' />
  <node id='-2147499086' action='modify' visible='true' lat='38.77083996537' lon='-9.12799180626' />
  <node id='-2147499087' action='modify' visible='true' lat='38.77329081249' lon='-9.12612498879' />
  <node id='-2147499088' action='modify' visible='true' lat='38.77796224518' lon='-9.12721933007' />
  <node id='-2147499089' action='modify' visible='true' lat='38.77820061805' lon='-9.12764848351' />
  <node id='-2147499090' action='modify' visible='true' lat='38.77879445578' lon='-9.12711204171' />
  <node id='-2147499091' action='modify' visible='true' lat='38.78197265815' lon='-9.12631274342' />
  <node id='-2147499092' action='modify' visible='true' lat='38.78205211139' lon='-9.12704230428' />
  <node id='-2147499093' action='modify' visible='true' lat='38.78177193376' lon='-9.12766994118' />
  <node id='-2147499094' action='modify' visible='true' lat='38.78206883837' lon='-9.12838340879' />
  <node id='-2147499095' action='modify' visible='true' lat='38.78196847639' lon='-9.1289520371' />
  <node id='-2147499096' action='modify' visible='true' lat='38.78394641779' lon='-9.12981034398' />
  <node id='-2147499097' action='modify' visible='true' lat='38.78404677699' lon='-9.13023949742' />
  <node id='-2147499098' action='modify' visible='true' lat='38.78460293166' lon='-9.13007856488' />
  <node id='-2147499099' action='modify' visible='true' lat='38.78786032192' lon='-9.12944556355' />
  <node id='-2147499100' action='modify' visible='true' lat='38.78837045171' lon='-9.12941874147' />
  <node id='-2147499101' action='modify' visible='true' lat='38.78916490888' lon='-9.129220258' />
  <node id='-2147499102' action='modify' visible='true' lat='38.79171547468' lon='-9.12785769582' />
  <node id='-2147499103' action='modify' visible='true' lat='38.79226738839' lon='-9.12808300137' />
  <node id='-2147499104' action='modify' visible='true' lat='38.79278584888' lon='-9.12765921235' />
  <node id='-2147499105' action='modify' visible='true' lat='38.79316214849' lon='-9.12743390679' />
  <node id='-2147499106' action='modify' visible='true' lat='38.79379767222' lon='-9.12716032148' />
  <node id='-2147499107' action='modify' visible='true' lat='38.79491818708' lon='-9.12661851525' />
  <node id='-2147499108' action='modify' visible='true' lat='38.79531119931' lon='-9.12656487107' />
  <node id='-2147499109' action='modify' visible='true' lat='38.79547425695' lon='-9.12647367596' />
  <node id='-2147499110' action='modify' visible='true' lat='38.79736820672' lon='-9.12545443654' />
  <node id='-2147499111' action='modify' visible='true' lat='38.79935931661' lon='-9.1272770083' />
  <node id='-2147499112' action='modify' visible='true' lat='38.7854852517' lon='-9.13196148633' />
  <node id='-2147499113' action='modify' visible='true' lat='38.78471166149' lon='-9.13168790102' />
  <node id='-2147499114' action='modify' visible='true' lat='38.78345299137' lon='-9.13189711332' />
  <node id='-2147499115' action='modify' visible='true' lat='38.78271283277' lon='-9.13208486795' />
  <node id='-2147499116' action='modify' visible='true' lat='38.78072648515' lon='-9.13331867337' />
  <node id='-2147499117' action='modify' visible='true' lat='38.77875263639' lon='-9.13342596172' />
  <node id='-2147499118' action='modify' visible='true' lat='38.77374249526' lon='-9.13303972363' />
  <node id='-2147499121' action='modify' visible='true' lat='38.76631446818' lon='-9.14226653337' />
  <node id='-2147499122' action='modify' visible='true' lat='38.76541100571' lon='-9.1398632741' />
  <node id='-2147499123' action='modify' visible='true' lat='38.76492162544' lon='-9.13088323832' />
  <node id='-2147499124' action='modify' visible='true' lat='38.76817991468' lon='-9.13182737589' />
  <node id='-2147499125' action='modify' visible='true' lat='38.7787693725' lon='-9.1335547185' />
  <node id='-2147499126' action='modify' visible='true' lat='38.76471247918' lon='-9.1408234942' />
  <node id='-2147499127' action='modify' visible='true' lat='38.76466646876' lon='-9.13964868665' />
  <node id='-2147499128' action='modify' visible='true' lat='38.76416035219' lon='-9.13962186455' />
  <node id='-2147499129' action='modify' visible='true' lat='38.76427956178' lon='-9.1330289948' />
  <node id='-2147499130' action='modify' visible='true' lat='38.79928196048' lon='-9.12660778105' />
  <node id='-2147499131' action='modify' visible='true' lat='38.79904783884' lon='-9.12600830734' />
  <node id='-2147499132' action='modify' visible='true' lat='38.79886493078' lon='-9.12594795763' />
  <node id='-2147499133' action='modify' visible='true' lat='38.79807894333' lon='-9.12598550856' />
  <node id='-2147499134' action='modify' visible='true' lat='38.79749780874' lon='-9.12581384718' />
  <node id='-2147499135' action='modify' visible='true' lat='38.7824159183' lon='-9.12991762698' />
  <node id='-2147499136' action='modify' visible='true' lat='38.78195592695' lon='-9.1252827698' />
  <node id='-2147499137' action='modify' visible='true' lat='38.78081011742' lon='-9.12522912562' />
  <node id='-2147499138' action='modify' visible='true' lat='38.78026647872' lon='-9.12579238951' />
  <node id='-2147499139' action='modify' visible='true' lat='38.77288512782' lon='-9.12846386969' />
  <node id='-2147499140' action='modify' visible='true' lat='38.78615428756' lon='-9.13767458081' />
  <node id='-2147499141' action='modify' visible='true' lat='38.7863549996' lon='-9.13691283345' />
  <node id='-2147499142' action='modify' visible='true' lat='38.77631034946' lon='-9.14038898706' />
  <node id='-2147499143' action='modify' visible='true' lat='38.76713844944' lon='-9.14524914981' />
  <node id='-2147499144' action='modify' visible='true' lat='38.76653614935' lon='-9.14324822187' />
  <node id='-2147499145' action='modify' visible='true' lat='38.77569139834' lon='-9.13839342356' />
  <node id='-2147499146' action='modify' visible='true' lat='38.76676618677' lon='-9.14660633683' />
  <node id='-2147499147' action='modify' visible='true' lat='38.76722627608' lon='-9.14698721051' />
  <node id='-2147499148' action='modify' visible='true' lat='38.76792163271' lon='-9.14710388661' />
  <node id='-2147499149' action='modify' visible='true' lat='38.76805442938' lon='-9.14694831848' />
  <node id='-2147499150' action='modify' visible='true' lat='38.77001602686' lon='-9.14614499689' />
  <node id='-2147499151' action='modify' visible='true' lat='38.77076677325' lon='-9.14593042016' />
  <node id='-2147499152' action='modify' visible='true' lat='38.77106999726' lon='-9.14575339437' />
  <node id='-2147499153' action='modify' visible='true' lat='38.77278057481' lon='-9.14427817941' />
  <node id='-2147499154' action='modify' visible='true' lat='38.7730858814' lon='-9.14381415725' />
  <node id='-2147499155' action='modify' visible='true' lat='38.7735312921' lon='-9.1444257009' />
  <node id='-2147499156' action='modify' visible='true' lat='38.77380522875' lon='-9.14417089105' />
  <node id='-2147499157' action='modify' visible='true' lat='38.77391814889' lon='-9.1420465815' />
  <node id='-2147499158' action='modify' visible='true' lat='38.76982363376' lon='-9.14414943337' />
  <node id='-2147499159' action='modify' visible='true' lat='38.77402897775' lon='-9.14457054019' />
  <node id='-2147499160' action='modify' visible='true' lat='38.7752669035' lon='-9.14348156333' />
  <node id='-2147499161' action='modify' visible='true' lat='38.76697950127' lon='-9.1480547297' />
  <node id='-2147499162' action='modify' visible='true' lat='38.77105745009' lon='-9.14862872243' />
  <node id='-2147499163' action='modify' visible='true' lat='38.77075631722' lon='-9.14753438115' />
  <node id='-2147499164' action='modify' visible='true' lat='38.77193574701' lon='-9.14682627797' />
  <node id='-2147499165' action='modify' visible='true' lat='38.7734079157' lon='-9.14605380177' />
  <node id='-2147499166' action='modify' visible='true' lat='38.77337445766' lon='-9.14578558087' />
  <node id='-2147499167' action='modify' visible='true' lat='38.7759088599' lon='-9.14357544065' />
  <node id='-2147499168' action='modify' visible='true' lat='38.77643580351' lon='-9.14538861394' />
  <node id='-2147499169' action='modify' visible='true' lat='38.77493024001' lon='-9.1460323441' />
  <node id='-2147499170' action='modify' visible='true' lat='38.7747964106' lon='-9.14792061925' />
  <node id='-2147499171' action='modify' visible='true' lat='38.77301478272' lon='-9.14867163777' />
  <node id='-2147499172' action='modify' visible='true' lat='38.77312352185' lon='-9.14932073235' />
  <node id='-2147499173' action='modify' visible='true' lat='38.79655294487' lon='-9.12734808684' />
  <node id='-2147499174' action='modify' visible='true' lat='38.79677871294' lon='-9.12806155444' />
  <node id='-2147499175' action='modify' visible='true' lat='38.7967118104' lon='-9.12651122689' />
  <node id='-2147499176' action='modify' visible='true' lat='38.79931122564' lon='-9.12743121922' />
  <node id='-2147499177' action='modify' visible='true' lat='38.79907396853' lon='-9.12787378371' />
  <node id='-2147499178' action='modify' visible='true' lat='38.79899871501' lon='-9.12818491996' />
  <node id='-2147499179' action='modify' visible='true' lat='38.79875205013' lon='-9.12850678503' />
  <node id='-2147499180' action='modify' visible='true' lat='38.79779464787' lon='-9.13018048346' />
  <node id='-2147499181' action='modify' visible='true' lat='38.78409277491' lon='-9.13403214097' />
  <node id='-2147499182' action='modify' visible='true' lat='38.78434367212' lon='-9.13479925275' />
  <node id='-2147499183' action='modify' visible='true' lat='38.76405368661' lon='-9.13434058965' />
  <node id='-2147499184' action='modify' visible='true' lat='38.76469156117' lon='-9.13223505557' />
  <node id='-2147499185' action='modify' visible='true' lat='38.7667118082' lon='-9.14716154873' />
  <node id='-2147499186' action='modify' visible='true' lat='38.78636336259' lon='-9.13531423688' />
  <node id='-2147499187' action='modify' visible='true' lat='38.79102139532' lon='-9.13286806226' />
  <node id='-2147499188' action='modify' visible='true' lat='38.7912388185' lon='-9.13346887708' />
  <node id='-2147499189' action='modify' visible='true' lat='38.7866393407' lon='-9.13614035726' />
  <node id='-2147499190' action='modify' visible='true' lat='38.79692504371' lon='-9.12839414835' />
  <node id='-2147499191' action='modify' visible='true' lat='38.7913475382' lon='-9.13342597246' />
  <node id='-2147499192' action='modify' visible='true' lat='38.79665746721' lon='-9.12972452402' />
  <node id='-2147499193' action='modify' visible='true' lat='38.79113847779' lon='-9.13275005579' />
  <node id='-2147499194' action='modify' visible='true' lat='38.78582812928' lon='-9.13617254376' />
  <node id='-2147499195' action='modify' visible='true' lat='38.78594521191' lon='-9.13532496572' />
  <node id='-2147499196' action='modify' visible='true' lat='38.79974497349' lon='-9.1275680092' />
  <node id='-2147499197' action='modify' visible='true' lat='38.79963522978' lon='-9.12743255764' />
  <node id='-2147499198' action='modify' visible='true' lat='38.79954429915' lon='-9.12715763122' />
  <node id='-2147499199' action='modify' visible='true' lat='38.79913824542' lon='-9.12595264882' />
  <node id='-2147499200' action='modify' visible='true' lat='38.79888583249' lon='-9.12544101745' />
  <node id='-2147499201' action='modify' visible='true' lat='38.79918057546' lon='-9.12510842353' />
  <node id='-2147499202' action='modify' visible='true' lat='38.79936870863' lon='-9.12497163088' />
  <node id='-2147499203' action='modify' visible='true' lat='38.80003344186' lon='-9.12631541759' />
  <node id='-2147499204' action='modify' visible='true' lat='38.80013377842' lon='-9.12666410476' />
  <node id='-2147499205' action='modify' visible='true' lat='38.8001818563' lon='-9.12735075027' />
  <node id='-2147499206' action='modify' visible='true' lat='38.78214410559' lon='-9.12621081412' />
  <node id='-2147499207' action='modify' visible='true' lat='38.78769306545' lon='-9.13443447232' />
  <node id='-2147499208' action='modify' visible='true' lat='38.78619610261' lon='-9.13409114957' />
  <node id='-2147499209' action='modify' visible='true' lat='38.78691531773' lon='-9.13367272496' />
  <node id='-2147499210' action='modify' visible='true' lat='38.78821155922' lon='-9.13401604772' />
  <node id='-2147499211' action='modify' visible='true' lat='38.77540282309' lon='-9.13490117669' />
  <node id='-2147499212' action='modify' visible='true' lat='38.77803542364' lon='-9.13578629762' />
  <node id='-2147499215' action='modify' visible='true' lat='38.77736630324' lon='-9.13545906811' />
  <node id='-2147499216' action='modify' visible='true' lat='38.76463300243' lon='-9.13974524081' />
  <node id='-2147499217' action='modify' visible='true' lat='38.76423563829' lon='-9.13912296831' />
  <node id='-2147499218' action='modify' visible='true' lat='38.76421472433' lon='-9.13938046038' />
  <node id='-2147499219' action='modify' visible='true' lat='38.7642314555' lon='-9.13898349345' />
  <node id='-2147499220' action='modify' visible='true' lat='38.76399930806' lon='-9.13850337535' />
  <node id='-2147499221' action='modify' visible='true' lat='38.7636793227' lon='-9.13868576556' />
  <node id='-2147499222' action='modify' visible='true' lat='38.76369814541' lon='-9.13877427846' />
  <node id='-2147499223' action='modify' visible='true' lat='38.76357056918' lon='-9.13882792264' />
  <node id='-2147499224' action='modify' visible='true' lat='38.76348482109' lon='-9.13880378276' />
  <node id='-2147499225' action='modify' visible='true' lat='38.76349318676' lon='-9.13900226623' />
  <node id='-2147499226' action='modify' visible='true' lat='38.76357056918' lon='-9.13892716438' />
  <node id='-2147499227' action='modify' visible='true' lat='38.76371696811' lon='-9.13883865148' />
  <node id='-2147499228' action='modify' visible='true' lat='38.76376716196' lon='-9.1389647153' />
  <node id='-2147499229' action='modify' visible='true' lat='38.76385709252' lon='-9.138935211' />
  <node id='-2147499230' action='modify' visible='true' lat='38.76398257684' lon='-9.13909077913' />
  <node id='-2147499231' action='modify' visible='true' lat='38.76411642653' lon='-9.13902640611' />
  <node id='-2147499232' action='modify' visible='true' lat='38.76408923833' lon='-9.13889766008' />
  <node id='-2147499233' action='modify' visible='true' lat='38.76409760393' lon='-9.13886010915' />
  <node id='-2147499234' action='modify' visible='true' lat='38.76430465224' lon='-9.13291096956' />
  <node id='-2147499235' action='modify' visible='true' lat='38.76448660328' lon='-9.13290292293' />
  <node id='-2147499236' action='modify' visible='true' lat='38.76462254341' lon='-9.13281441003' />
  <node id='-2147499237' action='modify' visible='true' lat='38.76646921217' lon='-9.12930071622' />
  <node id='-2147499238' action='modify' visible='true' lat='38.76637510224' lon='-9.12900299102' />
  <node id='-2147499239' action='modify' visible='true' lat='38.76713216087' lon='-9.12794083625' />
  <node id='-2147499240' action='modify' visible='true' lat='38.78444403077' lon='-9.13163961053' />
  <node id='-2147499241' action='modify' visible='true' lat='38.78430185599' lon='-9.13162351727' />
  <node id='-2147499242' action='modify' visible='true' lat='38.78382515023' lon='-9.13172544122' />
  <node id='-2147499245' action='modify' visible='true' lat='38.77550737226' lon='-9.13347423613' />
  <node id='-2147499246' action='modify' visible='true' lat='38.77615559964' lon='-9.13365662634' />
  <node id='-2147499248' action='modify' visible='true' lat='38.79893913611' lon='-9.12594929472' />
  <node id='-2147499249' action='modify' visible='true' lat='38.79935930094' lon='-9.12687465682' />
  <node id='-2147499250' action='modify' visible='true' lat='38.79937915942' lon='-9.12712544337' />
  <node id='-2147499251' action='modify' visible='true' lat='38.764160348' lon='-9.12786841929' />
  <node id='-2147499252' action='modify' visible='true' lat='38.7632610411' lon='-9.12758946955' />
  <node id='-2147499253' action='modify' visible='true' lat='38.76339489215' lon='-9.12688673079' />
  <node id='-2147499254' action='modify' visible='true' lat='38.76431929409' lon='-9.12719786704' />
  <node id='-2147499255' action='modify' visible='true' lat='38.76373370149' lon='-9.12820101321' />
  <node id='-2147499256' action='modify' visible='true' lat='38.76366259349' lon='-9.12843168318' />
  <node id='-2147499257' action='modify' visible='true' lat='38.76329868674' lon='-9.12823319972' />
  <node id='-2147499258' action='modify' visible='true' lat='38.76339070931' lon='-9.12796497881' />
  <node id='-2147499259' action='modify' visible='true' lat='38.76686656386' lon='-9.14722323686' />
  <node id='-2147499260' action='modify' visible='true' lat='38.76695021657' lon='-9.14685845643' />
  <node id='-2147499261' action='modify' visible='true' lat='38.76711333907' lon='-9.1469067362' />
  <node id='-2147499262' action='modify' visible='true' lat='38.76734129167' lon='-9.14701134235' />
  <node id='-2147499263' action='modify' visible='true' lat='38.76742285252' lon='-9.14697110921' />
  <node id='-2147499264' action='modify' visible='true' lat='38.76914397378' lon='-9.14641052753' />
  <node id='-2147499265' action='modify' visible='true' lat='38.7693907411' lon='-9.14630860359' />
  <node id='-2147499266' action='modify' visible='true' lat='38.76961450395' lon='-9.14623618394' />
  <node id='-2147499267' action='modify' visible='true' lat='38.76978807653' lon='-9.14620131522' />
  <node id='-2147499268' action='modify' visible='true' lat='38.77017704485' lon='-9.14612621338' />
  <node id='-2147499269' action='modify' visible='true' lat='38.77056182864' lon='-9.14600014955' />
  <node id='-2147499270' action='modify' visible='true' lat='38.77031715658' lon='-9.14608329803' />
  <node id='-2147499271' action='modify' visible='true' lat='38.77318834074' lon='-9.14374977618' />
  <node id='-2147499272' action='modify' visible='true' lat='38.77408543349' lon='-9.1423308903' />
  <node id='-2147499273' action='modify' visible='true' lat='38.774466014' lon='-9.1420036608' />
  <node id='-2147499274' action='modify' visible='true' lat='38.76606349499' lon='-9.13506210387' />
  <node id='-2147499275' action='modify' visible='true' lat='38.7640390468' lon='-9.13417161047' />
  <node id='-2147499276' action='modify' visible='true' lat='38.76407669202' lon='-9.13375855029' />
  <node id='-2147499277' action='modify' visible='true' lat='38.76615133131' lon='-9.13542151988' />
  <node id='-2147499278' action='modify' visible='true' lat='38.76611786987' lon='-9.1351908499' />
  <node id='-2147499279' action='modify' visible='true' lat='38.76612623523' lon='-9.13609207213' />
  <node id='-2147499280' action='modify' visible='true' lat='38.76621407148' lon='-9.13554490149' />
  <node id='-2147499281' action='modify' visible='true' lat='38.76588363931' lon='-9.13594186842' />
  <node id='-2147499282' action='modify' visible='true' lat='38.76544445494' lon='-9.13520694315' />
  <node id='-2147499283' action='modify' visible='true' lat='38.76569541777' lon='-9.13567901194' />
  <node id='-2147499284' action='modify' visible='true' lat='38.76564940798' lon='-9.1355180794' />
  <node id='-2147499285' action='modify' visible='true' lat='38.76534406957' lon='-9.13527131617' />
  <node id='-2147499286' action='modify' visible='true' lat='38.76875499982' lon='-9.13664728671' />
  <node id='-2147499287' action='modify' visible='true' lat='38.76805024053' lon='-9.1364353922' />
  <node id='-2147499288' action='modify' visible='true' lat='38.76744376554' lon='-9.13629591733' />
  <node id='-2147499289' action='modify' visible='true' lat='38.76730573948' lon='-9.13621813327' />
  <node id='-2147499290' action='modify' visible='true' lat='38.76718653494' lon='-9.1361671713' />
  <node id='-2147499291' action='modify' visible='true' lat='38.76681846351' lon='-9.13607329398' />
  <node id='-2147499292' action='modify' visible='true' lat='38.76671598875' lon='-9.13604647189' />
  <node id='-2147499293' action='modify' visible='true' lat='38.76675154123' lon='-9.13588017493' />
  <node id='-2147499294' action='modify' visible='true' lat='38.76729319164' lon='-9.13604110748' />
  <node id='-2147499295' action='modify' visible='true' lat='38.76729946556' lon='-9.13597673446' />
  <node id='-2147499296' action='modify' visible='true' lat='38.76879682508' lon='-9.13639515907' />
  <node id='-2147499297' action='modify' visible='true' lat='38.7687215396' lon='-9.13656950265' />
  <node id='-2147499298' action='modify' visible='true' lat='38.76679232201' lon='-9.13605451852' />
  <node id='-2147499299' action='modify' visible='true' lat='38.76681428087' lon='-9.13594320685' />
  <node id='-2147499300' action='modify' visible='true' lat='38.76874454351' lon='-9.13644612104' />
  <node id='-2147499301' action='modify' visible='true' lat='38.7661293691' lon='-9.1359123601' />
  <node id='-2147499302' action='modify' visible='true' lat='38.76615655653' lon='-9.13575545087' />
  <node id='-2147499303' action='modify' visible='true' lat='38.76607290289' lon='-9.13572192326' />
  <node id='-2147499304' action='modify' visible='true' lat='38.76600493424' lon='-9.13565755025' />
  <node id='-2147499305' action='modify' visible='true' lat='38.76592337177' lon='-9.135821165' />
  <node id='-2147499306' action='modify' visible='true' lat='38.76602271066' lon='-9.13588419691' />
  <node id='-2147499307' action='modify' visible='true' lat='38.76609799899' lon='-9.1359123601' />
  <node id='-2147499308' action='modify' visible='true' lat='38.7640327705' lon='-9.13840145141' />
  <node id='-2147499309' action='modify' visible='true' lat='38.76481704192' lon='-9.13513720304' />
  <node id='-2147499310' action='modify' visible='true' lat='38.76296614754' lon='-9.13307726651' />
  <node id='-2147499311' action='modify' visible='true' lat='38.76369396258' lon='-9.13451224834' />
  <node id='-2147499312' action='modify' visible='true' lat='38.76407250713' lon='-9.13458198577' />
  <node id='-2147499313' action='modify' visible='true' lat='38.76457235017' lon='-9.13464367658' />
  <node id='-2147499314' action='modify' visible='true' lat='38.76483795571' lon='-9.1347107318' />
  <node id='-2147499315' action='modify' visible='true' lat='38.76482122468' lon='-9.13488239318' />
  <node id='-2147499316' action='modify' visible='true' lat='38.76528132654' lon='-9.13481533796' />
  <node id='-2147499317' action='modify' visible='true' lat='38.76525623015' lon='-9.13501918584' />
  <node id='-2147499318' action='modify' visible='true' lat='38.76551765043' lon='-9.13495347172' />
  <node id='-2147499319' action='modify' visible='true' lat='38.76541726516' lon='-9.13510635763' />
  <node id='-2147499320' action='modify' visible='true' lat='38.76571737488' lon='-9.13514860243' />
  <node id='-2147499321' action='modify' visible='true' lat='38.76557516277' lon='-9.13528807729' />
  <node id='-2147499322' action='modify' visible='true' lat='38.76585801821' lon='-9.1353876543' />
  <node id='-2147499323' action='modify' visible='true' lat='38.76569907555' lon='-9.13550030708' />
  <node id='-2147499324' action='modify' visible='true' lat='38.76295987324' lon='-9.13684308797' />
  <node id='-2147499325' action='modify' visible='true' lat='38.76337815869' lon='-9.13873940974' />
  <node id='-2147499326' action='modify' visible='true' lat='38.77287467002' lon='-9.14415478975' />
  <node id='-2147499327' action='modify' visible='true' lat='38.7729541334' lon='-9.143991175' />
  <node id='-2147499328' action='modify' visible='true' lat='38.77301477645' lon='-9.14389193326' />
  <node id='-2147499329' action='modify' visible='true' lat='38.77192946723' lon='-9.1450345543' />
  <node id='-2147499330' action='modify' visible='true' lat='38.77142967574' lon='-9.145479801' />
  <node id='-2147499331' action='modify' visible='true' lat='38.77125192478' lon='-9.14563268691' />
  <node id='-2147499332' action='modify' visible='true' lat='38.77205702851' lon='-9.14298802882' />
  <node id='-2147499333' action='modify' visible='true' lat='38.77214903979' lon='-9.14342522889' />
  <node id='-2147499334' action='modify' visible='true' lat='38.7729855005' lon='-9.14296388894' />
  <node id='-2147499335' action='modify' visible='true' lat='38.77314442692' lon='-9.14308190614' />
  <node id='-2147499336' action='modify' visible='true' lat='38.77356474379' lon='-9.14271712571' />
  <node id='-2147499337' action='modify' visible='true' lat='38.77370693998' lon='-9.14292633802' />
  <node id='-2147499338' action='modify' visible='true' lat='38.77372785116' lon='-9.14250791341' />
  <node id='-2147499339' action='modify' visible='true' lat='38.77387213814' lon='-9.14277613431' />
  <node id='-2147499340' action='modify' visible='true' lat='38.77384704477' lon='-9.14213776857' />
  <node id='-2147499341' action='modify' visible='true' lat='38.77120591858' lon='-9.14339572459' />
  <node id='-2147499342' action='modify' visible='true' lat='38.77055346379' lon='-9.14374709398' />
  <node id='-2147499343' action='modify' visible='true' lat='38.77024814636' lon='-9.14391875535' />
  <node id='-2147499344' action='modify' visible='true' lat='38.76825727737' lon='-9.14554685622' />
  <node id='-2147499345' action='modify' visible='true' lat='38.77569975003' lon='-9.13487971365' />
  <node id='-2147499346' action='modify' visible='true' lat='38.79949648213' lon='-9.12696618855' />
  <node id='-2147499347' action='modify' visible='true' lat='38.79980141305' lon='-9.12565291196' />
  <node id='-2147499348' action='modify' visible='true' lat='38.79961119066' lon='-9.12552148372' />
  <node id='-2147499349' action='modify' visible='true' lat='38.79947740757' lon='-9.1254276064' />
  <node id='-2147499350' action='modify' visible='true' lat='38.79910532205' lon='-9.1260820654' />
  <node id='-2147499351' action='modify' visible='true' lat='38.7994847228' lon='-9.12696384028' />
  <node id='-2147499352' action='modify' visible='true' lat='38.7994507544' lon='-9.12684247032' />
  <node id='-2147499353' action='modify' visible='true' lat='38.79919311664' lon='-9.12608742848' />
  <node id='-2147499354' action='modify' visible='true' lat='38.79913249586' lon='-9.12596672907' />
  <node id='-2147499355' action='modify' visible='true' lat='38.79899714409' lon='-9.12573069468' />
  <node id='-2147499356' action='modify' visible='true' lat='38.79894854282' lon='-9.12568912044' />
  <node id='-2147499357' action='modify' visible='true' lat='38.79894436206' lon='-9.12582725421' />
  <node id='-2147499358' action='modify' visible='true' lat='38.79905828758' lon='-9.12590772048' />
  <node id='-2147499359' action='modify' visible='true' lat='38.7991136825' lon='-9.12599086896' />
  <node id='-2147499360' action='modify' visible='true' lat='38.79916280625' lon='-9.12610083953' />
  <node id='-2147499361' action='modify' visible='true' lat='38.79930286103' lon='-9.12651255861' />
  <node id='-2147499362' action='modify' visible='true' lat='38.79939588234' lon='-9.12678480282' />
  <node id='-2147499363' action='modify' visible='true' lat='38.79942619262' lon='-9.12697389856' />
  <node id='-2147499364' action='modify' visible='true' lat='38.79943455408' lon='-9.12712007895' />
  <node id='-2147499365' action='modify' visible='true' lat='38.79941156007' lon='-9.12722736731' />
  <node id='-2147499366' action='modify' visible='true' lat='38.79949621979' lon='-9.12729442254' />
  <node id='-2147499367' action='modify' visible='true' lat='38.79953645925' lon='-9.12716098264' />
  <node id='-2147499368' action='modify' visible='true' lat='38.7992014776' lon='-9.12608072229' />
  <node id='-2147499369' action='modify' visible='true' lat='38.79929345385' lon='-9.12634022601' />
  <node id='-2147499370' action='modify' visible='true' lat='38.7988586565' lon='-9.12581652537' />
  <node id='-2147499371' action='modify' visible='true' lat='38.79878235756' lon='-9.1258259131' />
  <node id='-2147499372' action='modify' visible='true' lat='38.7987771316' lon='-9.12567168608' />
  <node id='-2147499373' action='modify' visible='true' lat='38.79868410949' lon='-9.12573874131' />
  <node id='-2147499374' action='modify' visible='true' lat='38.79866947679' lon='-9.12584871188' />
  <node id='-2147499375' action='modify' visible='true' lat='38.79946172828' lon='-9.12683777578' />
  <node id='-2147499376' action='modify' visible='true' lat='38.79856809611' lon='-9.12866235316' />
  <node id='-2147499377' action='modify' visible='true' lat='38.79820436744' lon='-9.12922561705' />
  <node id='-2147499378' action='modify' visible='true' lat='38.79816255943' lon='-9.12959039748' />
  <node id='-2147499379' action='modify' visible='true' lat='38.79798696551' lon='-9.12994981349' />
  <node id='-2147499382' action='modify' visible='true' lat='38.78520089763' lon='-9.13193465352' />
  <node id='-2147499383' action='modify' visible='true' lat='38.78223610385' lon='-9.13255155623' />
  <node id='-2147499384' action='modify' visible='true' lat='38.78143320591' lon='-9.13298070967' />
  <node id='-2147499385' action='modify' visible='true' lat='38.78051320757' lon='-9.13317382872' />
  <node id='-2147499386' action='modify' visible='true' lat='38.78032084278' lon='-9.13270712435' />
  <node id='-2147499387' action='modify' visible='true' lat='38.77987338354' lon='-9.132959252' />
  <node id='-2147499388' action='modify' visible='true' lat='38.77971447211' lon='-9.13357616007' />
  <node id='-2147499389' action='modify' visible='true' lat='38.77880699741' lon='-9.13330793917' />
  <node id='-2147499390' action='modify' visible='true' lat='38.78248282589' lon='-9.13450956881' />
  <node id='-2147499391' action='modify' visible='true' lat='38.78217755952' lon='-9.13741708338' />
  <node id='-2147499392' action='modify' visible='true' lat='38.78249118933' lon='-9.1358453089' />
  <node id='-2147499393' action='modify' visible='true' lat='38.78339025381' lon='-9.13534105361' />
  <node id='-2147499394' action='modify' visible='true' lat='38.78360351861' lon='-9.13427889884' />
  <node id='-2147499396' action='modify' visible='true' lat='38.78259991401' lon='-9.13445592463' />
  <node id='-2147499397' action='modify' visible='true' lat='38.77874426832' lon='-9.13685918391' />
  <node id='-2147499398' action='modify' visible='true' lat='38.77989847479' lon='-9.13609207213' />
  <node id='-2147499399' action='modify' visible='true' lat='38.78345924922' lon='-9.13329184056' />
  <node id='-2147499400' action='modify' visible='true' lat='38.78404050245' lon='-9.13325965941' />
  <node id='-2147499401' action='modify' visible='true' lat='38.78504094746' lon='-9.13328379929' />
  <node id='-2147499402' action='modify' visible='true' lat='38.78484232041' lon='-9.13277417421' />
  <node id='-2147499403' action='modify' visible='true' lat='38.78527720798' lon='-9.13228065312' />
  <node id='-2147499404' action='modify' visible='true' lat='38.78572254045' lon='-9.13288683236' />
  <node id='-2147499405' action='modify' visible='true' lat='38.78445134335' lon='-9.13261324167' />
  <node id='-2147499406' action='modify' visible='true' lat='38.78454334282' lon='-9.13190514386' />
  <node id='-2147499407' action='modify' visible='true' lat='38.78418476647' lon='-9.13259447157' />
  <node id='-2147499408' action='modify' visible='true' lat='38.78262918601' lon='-9.13326502383' />
  <node id='-2147499409' action='modify' visible='true' lat='38.78158793173' lon='-9.13385510981' />
  <node id='-2147499410' action='modify' visible='true' lat='38.78054666226' lon='-9.13356006682' />
  <node id='-2147499411' action='modify' visible='true' lat='38.78373733148' lon='-9.13203120768' />
  <node id='-2147499412' action='modify' visible='true' lat='38.7842516724' lon='-9.1318595463' />
  <node id='-2147499413' action='modify' visible='true' lat='38.77660726427' lon='-9.13800716937' />
  <node id='-2147499414' action='modify' visible='true' lat='38.77809188248' lon='-9.13702011645' />
  <node id='-2147499415' action='modify' visible='true' lat='38.77743112664' lon='-9.13712740481' />
  <node id='-2147499416' action='modify' visible='true' lat='38.77713838476' lon='-9.13717032015' />
  <node id='-2147499417' action='modify' visible='true' lat='38.77173080785' lon='-9.13922489226' />
  <node id='-2147499418' action='modify' visible='true' lat='38.77512261515' lon='-9.13791060985' />
  <node id='-2147499419' action='modify' visible='true' lat='38.77571229639' lon='-9.13720250666' />
  <node id='-2147499420' action='modify' visible='true' lat='38.77297295575' lon='-9.13853288233' />
  <node id='-2147499421' action='modify' visible='true' lat='38.77060156371' lon='-9.13978279173' />
  <node id='-2147499422' action='modify' visible='true' lat='38.77118187719' lon='-9.14065183282' />
  <node id='-2147499423' action='modify' visible='true' lat='38.77179250275' lon='-9.14034337878' />
  <node id='-2147499424' action='modify' visible='true' lat='38.77362696355' lon='-9.13925708681' />
  <node id='-2147499425' action='modify' visible='true' lat='38.77488998927' lon='-9.1385087505' />
  <node id='-2147499427' action='modify' visible='true' lat='38.76467901287' lon='-9.14234161913' />
  <node id='-2147499428' action='modify' visible='true' lat='38.76457862641' lon='-9.14164960921' />
  <node id='-2147499429' action='modify' visible='true' lat='38.76464136797' lon='-9.14115608275' />
  <node id='-2147499430' action='modify' visible='true' lat='38.79937602387' lon='-9.12736415997' />
  <node id='-2147499431' action='modify' visible='true' lat='38.79945545772' lon='-9.12746876612' />
  <node id='-2147499432' action='modify' visible='true' lat='38.79939588234' lon='-9.12757337227' />
  <node id='-2147499433' action='modify' visible='true' lat='38.79933212618' lon='-9.12746340171' />
  <node id='-2147499434' action='modify' visible='true' lat='38.7991209988' lon='-9.12800520793' />
  <node id='-2147499435' action='modify' visible='true' lat='38.79928404772' lon='-9.12634357944' />
  <node id='-2147499436' action='modify' visible='true' lat='38.76642738555' lon='-9.12916124135' />
  <node id='-2147499437' action='modify' visible='true' lat='38.76631863621' lon='-9.12919611007' />
  <node id='-2147499438' action='modify' visible='true' lat='38.76620152136' lon='-9.12921488553' />
  <node id='-2147499439' action='modify' visible='true' lat='38.76618897333' lon='-9.12905395299' />
  <node id='-2147499440' action='modify' visible='true' lat='38.76517884957' lon='-9.12959575921' />
  <node id='-2147499441' action='modify' visible='true' lat='38.76541726516' lon='-9.12917733461' />
  <node id='-2147499442' action='modify' visible='true' lat='38.76611786673' lon='-9.12922963634' />
  <node id='-2147499443' action='modify' visible='true' lat='38.76544236045' lon='-9.12916392222' />
  <node id='-2147499444' action='modify' visible='true' lat='38.76547163949' lon='-9.12929669157' />
  <node id='-2147499445' action='modify' visible='true' lat='38.76645038863' lon='-9.12928663261' />
  <node id='-2147499446' action='modify' visible='true' lat='38.76640647066' lon='-9.12930876084' />
  <node id='-2147499447' action='modify' visible='true' lat='38.76633745666' lon='-9.12933357127' />
  <node id='-2147499448' action='modify' visible='true' lat='38.7663087008' lon='-9.12934027679' />
  <node id='-2147499449' action='modify' visible='true' lat='38.76628831028' lon='-9.12922293015' />
  <node id='-2147499450' action='modify' visible='true' lat='38.76633013699' lon='-9.12921086021' />
  <node id='-2147499451' action='modify' visible='true' lat='38.76638921716' lon='-9.12919074364' />
  <node id='-2147499452' action='modify' visible='true' lat='38.76641849582' lon='-9.12917733259' />
  <node id='-2147499453' action='modify' visible='true' lat='38.76547477653' lon='-9.12931680813' />
  <node id='-2147499454' action='modify' visible='true' lat='38.7654967358' lon='-9.1294267787' />
  <node id='-2147499455' action='modify' visible='true' lat='38.76684669633' lon='-9.12871063024' />
  <node id='-2147499456' action='modify' visible='true' lat='38.76730364817' lon='-9.12734538585' />
  <node id='-2147499457' action='modify' visible='true' lat='38.76716771315' lon='-9.12775576383' />
  <node id='-2147499458' action='modify' visible='true' lat='38.76687597375' lon='-9.12864357367' />
  <node id='-2147499459' action='modify' visible='true' lat='38.76690211523' lon='-9.12857249513' />
  <node id='-2147499460' action='modify' visible='true' lat='38.7668017319' lon='-9.12834584847' />
  <node id='-2147499461' action='modify' visible='true' lat='38.76693348499' lon='-9.12847593561' />
  <node id='-2147499462' action='modify' visible='true' lat='38.76695544382' lon='-9.12834987178' />
  <node id='-2147499463' action='modify' visible='true' lat='38.76684564963' lon='-9.12823721901' />
  <node id='-2147499464' action='modify' visible='true' lat='38.76693871276' lon='-9.12876628406' />
  <node id='-2147499465' action='modify' visible='true' lat='38.766861334' lon='-9.1287039227' />
  <node id='-2147499466' action='modify' visible='true' lat='38.76689427227' lon='-9.12863284416' />
  <node id='-2147499467' action='modify' visible='true' lat='38.76690995715' lon='-9.12858724661' />
  <node id='-2147499468' action='modify' visible='true' lat='38.76699204132' lon='-9.12861608036' />
  <node id='-2147499469' action='modify' visible='true' lat='38.76696171724' lon='-9.12871062823' />
  <node id='-2147499470' action='modify' visible='true' lat='38.76702027459' lon='-9.12852421537' />
  <node id='-2147499471' action='modify' visible='true' lat='38.76694812421' lon='-9.12845850125' />
  <node id='-2147499472' action='modify' visible='true' lat='38.76697740263' lon='-9.12828952208' />
  <node id='-2147499473' action='modify' visible='true' lat='38.76705059864' lon='-9.12835121289' />
  <node id='-2147499474' action='modify' visible='true' lat='38.76710288146' lon='-9.12805885211' />
  <node id='-2147499475' action='modify' visible='true' lat='38.76702027459' lon='-9.12788316742' />
  <node id='-2147499476' action='modify' visible='true' lat='38.76706732915' lon='-9.12752777472' />
  <node id='-2147499477' action='modify' visible='true' lat='38.76718339693' lon='-9.12760287657' />
  <node id='-2147499478' action='modify' visible='true' lat='38.76720221871' lon='-9.12747144833' />
  <node id='-2147499479' action='modify' visible='true' lat='38.76710601843' lon='-9.12735477224' />
  <node id='-2147499480' action='modify' visible='true' lat='38.76722104049' lon='-9.12731051579' />
  <node id='-2147499481' action='modify' visible='true' lat='38.76712065761' lon='-9.12729978696' />
  <node id='-2147499482' action='modify' visible='true' lat='38.76967724317' lon='-9.14693356097' />
  <node id='-2147499483' action='modify' visible='true' lat='38.76986545421' lon='-9.1468530947' />
  <node id='-2147499484' action='modify' visible='true' lat='38.77004111739' lon='-9.14670289099' />
  <node id='-2147499485' action='modify' visible='true' lat='38.77020423282' lon='-9.1466760689' />
  <node id='-2147499486' action='modify' visible='true' lat='38.77020005038' lon='-9.14650977194' />
  <node id='-2147499487' action='modify' visible='true' lat='38.77008712435' lon='-9.14644539893' />
  <node id='-2147499488' action='modify' visible='true' lat='38.77014567861' lon='-9.14631665289' />
  <node id='-2147499489' action='modify' visible='true' lat='38.77057646919' lon='-9.14618790686' />
  <node id='-2147499490' action='modify' visible='true' lat='38.77089851483' lon='-9.14609671175' />
  <node id='-2147499491' action='modify' visible='true' lat='38.77112436415' lon='-9.14600551665' />
  <node id='-2147499492' action='modify' visible='true' lat='38.77140040123' lon='-9.14579093993' />
  <node id='-2147499493' action='modify' visible='true' lat='38.77170153137' lon='-9.14552808344' />
  <node id='-2147499494' action='modify' visible='true' lat='38.77214067722' lon='-9.14550126135' />
  <node id='-2147499495' action='modify' visible='true' lat='38.77241252806' lon='-9.14593577921' />
  <node id='-2147499496' action='modify' visible='true' lat='38.77301477854' lon='-9.14551199019' />
  <node id='-2147499497' action='modify' visible='true' lat='38.77326153247' lon='-9.14530277789' />
  <node id='-2147499498' action='modify' visible='true' lat='38.77352919679' lon='-9.14510965884' />
  <node id='-2147499499' action='modify' visible='true' lat='38.77394323806' lon='-9.14475560725' />
  <node id='-2147499500' action='modify' visible='true' lat='38.77397251361' lon='-9.14469659865' />
  <node id='-2147499501' action='modify' visible='true' lat='38.77385541132' lon='-9.14446056426' />
  <node id='-2147499502' action='modify' visible='true' lat='38.77373412661' lon='-9.14448202193' />
  <node id='-2147499503' action='modify' visible='true' lat='38.77334517768' lon='-9.14486289561' />
  <node id='-2147499504' action='modify' visible='true' lat='38.77321552756' lon='-9.14484680235' />
  <node id='-2147499505' action='modify' visible='true' lat='38.77311515312' lon='-9.14478242934' />
  <node id='-2147499506' action='modify' visible='true' lat='38.772918584' lon='-9.14442301065' />
  <node id='-2147499507' action='modify' visible='true' lat='38.77288512573' lon='-9.14436668426' />
  <node id='-2147499508' action='modify' visible='true' lat='38.77282657372' lon='-9.14426207811' />
  <node id='-2147499509' action='modify' visible='true' lat='38.77193155683' lon='-9.14504394002' />
  <node id='-2147499510' action='modify' visible='true' lat='38.77143019696' lon='-9.14549052782' />
  <node id='-2147499511' action='modify' visible='true' lat='38.7712545372' lon='-9.14564006098' />
  <node id='-2147499512' action='modify' visible='true' lat='38.77106842102' lon='-9.14576947756' />
  <node id='-2147499513' action='modify' visible='true' lat='38.77076833381' lon='-9.14593979783' />
  <node id='-2147499514' action='modify' visible='true' lat='38.77056391827' lon='-9.14601557024' />
  <node id='-2147499515' action='modify' visible='true' lat='38.77031454098' lon='-9.14609670706' />
  <node id='-2147499516' action='modify' visible='true' lat='38.7701770438' lon='-9.14614498749' />
  <node id='-2147499517' action='modify' visible='true' lat='38.77001392831' lon='-9.14616242185' />
  <node id='-2147499518' action='modify' visible='true' lat='38.76983094575' lon='-9.14620801941' />
  <node id='-2147499519' action='modify' visible='true' lat='38.76961763977' lon='-9.14624959365' />
  <node id='-2147499520' action='modify' visible='true' lat='38.76938655757' lon='-9.14632871881' />
  <node id='-2147499521' action='modify' visible='true' lat='38.76931440958' lon='-9.14635822311' />
  <node id='-2147499522' action='modify' visible='true' lat='38.76934891515' lon='-9.14648696914' />
  <node id='-2147499523' action='modify' visible='true' lat='38.7694210631' lon='-9.14649233356' />
  <node id='-2147499524' action='modify' visible='true' lat='38.76947229856' lon='-9.14655536547' />
  <node id='-2147499525' action='modify' visible='true' lat='38.76947125294' lon='-9.14663851395' />
  <node id='-2147499526' action='modify' visible='true' lat='38.76946393359' lon='-9.14670020476' />
  <node id='-2147499527' action='modify' visible='true' lat='38.76938760319' lon='-9.14685040846' />
  <node id='-2147499528' action='modify' visible='true' lat='38.76928513211' lon='-9.14700463548' />
  <node id='-2147499529' action='modify' visible='true' lat='38.76921298402' lon='-9.14713874593' />
  <node id='-2147499530' action='modify' visible='true' lat='38.76945975111' lon='-9.14713874593' />
  <node id='-2147499531' action='modify' visible='true' lat='38.76954235515' lon='-9.1470395042' />
  <node id='-2147499532' action='modify' visible='true' lat='38.76962600472' lon='-9.14696708456' />
  <node id='-2147499533' action='modify' visible='true' lat='38.7704447197' lon='-9.14606183901' />
  <node id='-2147499534' action='modify' visible='true' lat='38.7704457653' lon='-9.14604842797' />
  <node id='-2147499535' action='modify' visible='true' lat='38.77171826079' lon='-9.14675653517' />
  <node id='-2147499536' action='modify' visible='true' lat='38.76904986946' lon='-9.14775968134' />
  <node id='-2147499537' action='modify' visible='true' lat='38.76902059189' lon='-9.1473895365' />
  <node id='-2147499538' action='modify' visible='true' lat='38.7716220666' lon='-9.14645612776' />
  <node id='-2147499539' action='modify' visible='true' lat='38.76922762382' lon='-9.14777845412' />
  <node id='-2147499540' action='modify' visible='true' lat='38.7693447337' lon='-9.14774358541' />
  <node id='-2147499541' action='modify' visible='true' lat='38.76939910608' lon='-9.14775431424' />
  <node id='-2147499542' action='modify' visible='true' lat='38.76948066458' lon='-9.14792865783' />
  <node id='-2147499543' action='modify' visible='true' lat='38.76935518993' lon='-9.14814859897' />
  <node id='-2147499544' action='modify' visible='true' lat='38.76907077992' lon='-9.14816469222' />
  <node id='-2147499546' action='modify' visible='true' lat='38.76896621713' lon='-9.14817273885' />
  <node id='-2147499547' action='modify' visible='true' lat='38.7688553804' lon='-9.14808154374' />
  <node id='-2147499548' action='modify' visible='true' lat='38.76892230071' lon='-9.14789915353' />
  <node id='-2147499549' action='modify' visible='true' lat='38.76903731984' lon='-9.14781332284' />
  <node id='-2147499550' action='modify' visible='true' lat='38.76693976208' lon='-9.14690271556' />
  <node id='-2147499551' action='modify' visible='true' lat='38.76769994853' lon='-9.14722189441' />
  <node id='-2147499552' action='modify' visible='true' lat='38.76767589864' lon='-9.14756924048' />
  <node id='-2147499553' action='modify' visible='true' lat='38.76817362619' lon='-9.14737075835' />
  <node id='-2147499554' action='modify' visible='true' lat='38.76810670518' lon='-9.14771676332' />
  <node id='-2147499555' action='modify' visible='true' lat='38.76832628951' lon='-9.14776772529' />
  <node id='-2147499556' action='modify' visible='true' lat='38.76853750809' lon='-9.14741903812' />
  <node id='-2147499557' action='modify' visible='true' lat='38.76860233742' lon='-9.14779454738' />
  <node id='-2147499558' action='modify' visible='true' lat='38.76883655905' lon='-9.14778113633' />
  <node id='-2147499559' action='modify' visible='true' lat='38.76877172993' lon='-9.14741903812' />
  <node id='-2147499560' action='modify' visible='true' lat='38.76803455486' lon='-9.14709583059' />
  <node id='-2147499561' action='modify' visible='true' lat='38.76810304439' lon='-9.14707638457' />
  <node id='-2147499562' action='modify' visible='true' lat='38.76806958334' lon='-9.14696171947' />
  <node id='-2147499563' action='modify' visible='true' lat='38.77098006952' lon='-9.14645344287' />
  <node id='-2147499564' action='modify' visible='true' lat='38.77098216072' lon='-9.14658755332' />
  <node id='-2147499565' action='modify' visible='true' lat='38.77159906048' lon='-9.1463260366' />
  <node id='-2147499566' action='modify' visible='true' lat='38.77693137161' lon='-9.14266616374' />
  <node id='-2147499567' action='modify' visible='true' lat='38.77369230215' lon='-9.14543152124' />
  <node id='-2147499568' action='modify' visible='true' lat='38.77354592369' lon='-9.14516598254' />
  <node id='-2147499569' action='modify' visible='true' lat='38.77682263829' lon='-9.142387214' />
  <node id='-2147499570' action='modify' visible='true' lat='38.77334726672' lon='-9.14570778877' />
  <node id='-2147499571' action='modify' visible='true' lat='38.7729436777' lon='-9.14602965385' />
  <node id='-2147499572' action='modify' visible='true' lat='38.77245434909' lon='-9.14636761218' />
  <node id='-2147499573' action='modify' visible='true' lat='38.77206957551' lon='-9.14660632879' />
  <node id='-2147499574' action='modify' visible='true' lat='38.77184163801' lon='-9.14677262574' />
  <node id='-2147499575' action='modify' visible='true' lat='38.77174335281' lon='-9.14683968097' />
  <node id='-2147499576' action='modify' visible='true' lat='38.77210930766' lon='-9.14612621337' />
  <node id='-2147499577' action='modify' visible='true' lat='38.77239579672' lon='-9.14598942071' />
  <node id='-2147499578' action='modify' visible='true' lat='38.77249198987' lon='-9.1459250477' />
  <node id='-2147499579' action='modify' visible='true' lat='38.7731674294' lon='-9.14544761449' />
  <node id='-2147499580' action='modify' visible='true' lat='38.77341627394' lon='-9.14526522428' />
  <node id='-2147499581' action='modify' visible='true' lat='38.7715310971' lon='-9.14684772626' />
  <node id='-2147499582' action='modify' visible='true' lat='38.77156978396' lon='-9.14694160357' />
  <node id='-2147499583' action='modify' visible='true' lat='38.76960404776' lon='-9.14763361484' />
  <node id='-2147499584' action='modify' visible='true' lat='38.76964378129' lon='-9.14777845412' />
  <node id='-2147499585' action='modify' visible='true' lat='38.76949948576' lon='-9.14768725902' />
  <node id='-2147499586' action='modify' visible='true' lat='38.76959150033' lon='-9.14783209831' />
  <node id='-2147499587' action='modify' visible='true' lat='38.7794677405' lon='-9.13967013896' />
  <node id='-2147499588' action='modify' visible='true' lat='38.77936737486' lon='-9.13972914755' />
  <node id='-2147499589' action='modify' visible='true' lat='38.77922518995' lon='-9.13982034266' />
  <node id='-2147499590' action='modify' visible='true' lat='38.77895336508' lon='-9.14009392798' />
  <node id='-2147499591' action='modify' visible='true' lat='38.7787526322' lon='-9.14024413168' />
  <node id='-2147499592' action='modify' visible='true' lat='38.77854562583' lon='-9.14021194518' />
  <node id='-2147499593' action='modify' visible='true' lat='38.7787735419' lon='-9.14003491938' />
  <node id='-2147499594' action='modify' visible='true' lat='38.77899100243' lon='-9.13990080893' />
  <node id='-2147499595' action='modify' visible='true' lat='38.77921264421' lon='-9.13968086779' />
  <node id='-2147499596' action='modify' visible='true' lat='38.77928791862' lon='-9.13950920641' />
  <node id='-2147499597' action='modify' visible='true' lat='38.77939664818' lon='-9.13936436713' />
  <node id='-2147499598' action='modify' visible='true' lat='38.77949701379' lon='-9.13954675734' />
  <node id='-2147499599' action='modify' visible='true' lat='38.77862926275' lon='-9.14035946399' />
  <node id='-2147499600' action='modify' visible='true' lat='38.7784348019' lon='-9.14040506154' />
  <node id='-2147499601' action='modify' visible='true' lat='38.7785309869' lon='-9.14053917199' />
  <node id='-2147499602' action='modify' visible='true' lat='38.77828634218' lon='-9.14063841373' />
  <node id='-2147499603' action='modify' visible='true' lat='38.77839089131' lon='-9.14073765546' />
  <node id='-2147499604' action='modify' visible='true' lat='38.77828634218' lon='-9.14086103708' />
  <node id='-2147499605' action='modify' visible='true' lat='38.77772386524' lon='-9.14101392299' />
  <node id='-2147499606' action='modify' visible='true' lat='38.77783050619' lon='-9.1414028433' />
  <node id='-2147499607' action='modify' visible='true' lat='38.77775732124' lon='-9.14125263959' />
  <node id='-2147499608' action='modify' visible='true' lat='38.77771759224' lon='-9.14112657577' />
  <node id='-2147499609' action='modify' visible='true' lat='38.7779936038' lon='-9.14073229104' />
  <node id='-2147499610' action='modify' visible='true' lat='38.77805633356' lon='-9.14121240646' />
  <node id='-2147499611' action='modify' visible='true' lat='38.77816297401' lon='-9.14102196962' />
  <node id='-2147499612' action='modify' visible='true' lat='38.77984411041' lon='-9.1402494961' />
  <node id='-2147499613' action='modify' visible='true' lat='38.7803668431' lon='-9.13980961382' />
  <node id='-2147499614' action='modify' visible='true' lat='38.7808268447' lon='-9.13951457083' />
  <node id='-2147499615' action='modify' visible='true' lat='38.7813453884' lon='-9.13922489226' />
  <node id='-2147499616' action='modify' visible='true' lat='38.78217337778' lon='-9.1388815695' />
  <node id='-2147499617' action='modify' visible='true' lat='38.78210228816' lon='-9.13855970442' />
  <node id='-2147499618' action='modify' visible='true' lat='38.78158374996' lon='-9.1387903744' />
  <node id='-2147499619' action='modify' visible='true' lat='38.78099411727' lon='-9.13906395972' />
  <node id='-2147499620' action='modify' visible='true' lat='38.78043375261' lon='-9.13939118922' />
  <node id='-2147499621' action='modify' visible='true' lat='38.77988174729' lon='-9.13978815615' />
  <node id='-2147499622' action='modify' visible='true' lat='38.77914573356' lon='-9.14038360655' />
  <node id='-2147499623' action='modify' visible='true' lat='38.77828007132' lon='-9.14112926066' />
  <node id='-2147499624' action='modify' visible='true' lat='38.77751476696' lon='-9.14177299082' />
  <node id='-2147499625' action='modify' visible='true' lat='38.78265845591' lon='-9.13875818521' />
  <node id='-2147499626' action='modify' visible='true' lat='38.78266472848' lon='-9.13841218024' />
  <node id='-2147499627' action='modify' visible='true' lat='38.7832219383' lon='-9.13869783416' />
  <node id='-2147499628' action='modify' visible='true' lat='38.78322611998' lon='-9.13831696048' />
  <node id='-2147499629' action='modify' visible='true' lat='38.78397306892' lon='-9.13879506491' />
  <node id='-2147499630' action='modify' visible='true' lat='38.78404415667' lon='-9.13834981821' />
  <node id='-2147499631' action='modify' visible='true' lat='38.76299961046' lon='-9.13876623183' />
  <node id='-2147499632' action='modify' visible='true' lat='38.76330286749' lon='-9.13876354963' />
  <node id='-2147499633' action='modify' visible='true' lat='38.76330286958' lon='-9.13999200404' />
  <node id='-2147499634' action='modify' visible='true' lat='38.76299333826' lon='-9.13995445311' />
  <node id='-2147499635' action='modify' visible='true' lat='38.76374624995' lon='-9.14031386912' />
  <node id='-2147499636' action='modify' visible='true' lat='38.7635747541' lon='-9.1412311846' />
  <node id='-2147499637' action='modify' visible='true' lat='38.76344926907' lon='-9.14156377852' />
  <node id='-2147499638' action='modify' visible='true' lat='38.76315228694' lon='-9.14193928778' />
  <node id='-2147499639' action='modify' visible='true' lat='38.76307281264' lon='-9.14231479704' />
  <node id='-2147499640' action='modify' visible='true' lat='38.76281765772' lon='-9.14224505961' />
  <node id='-2147499641' action='modify' visible='true' lat='38.76275491456' lon='-9.14131701529' />
  <node id='-2147499642' action='modify' visible='true' lat='38.76234499126' lon='-9.14119899809' />
  <node id='-2147499643' action='modify' visible='true' lat='38.76236172287' lon='-9.14005637705' />
  <node id='-2147499644' action='modify' visible='true' lat='38.76288876656' lon='-9.14000273287' />
  <node id='-2147499645' action='modify' visible='true' lat='38.7625917821' lon='-9.13151622355' />
  <node id='-2147499646' action='modify' visible='true' lat='38.76276328032' lon='-9.13147867262' />
  <node id='-2147499647' action='modify' visible='true' lat='38.76323594191' lon='-9.13545906812' />
  <node id='-2147499648' action='modify' visible='true' lat='38.76348273176' lon='-9.13544565976' />
  <node id='-2147499649' action='modify' visible='true' lat='38.76336561016' lon='-9.13565218717' />
  <node id='-2147499650' action='modify' visible='true' lat='38.76325267331' lon='-9.13558244973' />
  <node id='-2147499651' action='modify' visible='true' lat='38.76351305627' lon='-9.13414881036' />
  <node id='-2147499652' action='modify' visible='true' lat='38.76361971847' lon='-9.13419977233' />
  <node id='-2147499653' action='modify' visible='true' lat='38.76354704127' lon='-9.13352988996' />
  <node id='-2147499654' action='modify' visible='true' lat='38.76367461754' lon='-9.13352988996' />
  <node id='-2147499655' action='modify' visible='true' lat='38.76352586489' lon='-9.13303468611' />
  <node id='-2147499656' action='modify' visible='true' lat='38.76364716697' lon='-9.13298640635' />
  <node id='-2147499657' action='modify' visible='true' lat='38.76343449593' lon='-9.13254803265' />
  <node id='-2147499658' action='modify' visible='true' lat='38.76355161533' lon='-9.1324166044' />
  <node id='-2147499659' action='modify' visible='true' lat='38.76326868572' lon='-9.13214327096' />
  <node id='-2147499660' action='modify' visible='true' lat='38.76332201702' lon='-9.13188577889' />
  <node id='-2147499661' action='modify' visible='true' lat='38.76305398768' lon='-9.13177773625' />
  <node id='-2147499662' action='modify' visible='true' lat='38.7629766047' lon='-9.13160473377' />
  <node id='-2147499663' action='modify' visible='true' lat='38.76308431342' lon='-9.13139552146' />
  <node id='-2147499664' action='modify' visible='true' lat='38.76310836486' lon='-9.1314370957' />
  <node id='-2147499665' action='modify' visible='true' lat='38.76315333057' lon='-9.13154438406' />
  <node id='-2147499666' action='modify' visible='true' lat='38.76328927324' lon='-9.13181528717' />
  <node id='-2147499667' action='modify' visible='true' lat='38.76303202765' lon='-9.13125202328' />
  <node id='-2147499668' action='modify' visible='true' lat='38.76287203298' lon='-9.13127482206' />
  <node id='-2147499669' action='modify' visible='true' lat='38.76299961046' lon='-9.13099989563' />
  <node id='-2147499670' action='modify' visible='true' lat='38.7628500729' lon='-9.13106024534' />
  <node id='-2147499671' action='modify' visible='true' lat='38.76280301556' lon='-9.13108438522' />
  <node id='-2147499672' action='modify' visible='true' lat='38.76300483904' lon='-9.13082421094' />
  <node id='-2147499673' action='modify' visible='true' lat='38.76301947907' lon='-9.13068071276' />
  <node id='-2147499674' action='modify' visible='true' lat='38.76305189625' lon='-9.13049832255' />
  <node id='-2147499675' action='modify' visible='true' lat='38.76310209057' lon='-9.13032666117' />
  <node id='-2147499676' action='modify' visible='true' lat='38.7628615758' lon='-9.13026631147' />
  <node id='-2147499677' action='modify' visible='true' lat='38.76279046693' lon='-9.13056135446' />
  <node id='-2147499678' action='modify' visible='true' lat='38.76270262647' lon='-9.13094491035' />
  <node id='-2147499679' action='modify' visible='true' lat='38.76251021364' lon='-9.13121044904' />
  <node id='-2147499680' action='modify' visible='true' lat='38.7625583169' lon='-9.13135528833' />
  <node id='-2147499681' action='modify' visible='true' lat='38.76331123318' lon='-9.13162887365' />
  <node id='-2147499682' action='modify' visible='true' lat='38.76340534716' lon='-9.13111388952' />
  <node id='-2147499683' action='modify' visible='true' lat='38.76353292369' lon='-9.1306927827' />
  <node id='-2147499684' action='modify' visible='true' lat='38.7636625914' lon='-9.13025826484' />
  <node id='-2147499685' action='modify' visible='true' lat='38.76386441245' lon='-9.12976607949' />
  <node id='-2147499686' action='modify' visible='true' lat='38.7635601121' lon='-9.12981033593' />
  <node id='-2147499687' action='modify' visible='true' lat='38.76336142732' lon='-9.13041115075' />
  <node id='-2147499688' action='modify' visible='true' lat='38.76318156483' lon='-9.13107633859' />
  <node id='-2147499689' action='modify' visible='true' lat='38.76311254771' lon='-9.13137406379' />
  <node id='-2147499690' action='modify' visible='true' lat='38.76330077607' lon='-9.13177103072' />
  <node id='-2147499691' action='modify' visible='true' lat='38.76284902718' lon='-9.13313895732' />
  <node id='-2147499692' action='modify' visible='true' lat='38.76292850173' lon='-9.13547247916' />
  <node id='-2147499693' action='modify' visible='true' lat='38.762864714' lon='-9.13333610103' />
  <node id='-2147499694' action='modify' visible='true' lat='38.76320980014' lon='-9.1333575587' />
  <node id='-2147499695' action='modify' visible='true' lat='38.7632024791' lon='-9.13312554628' />
  <node id='-2147499696' action='modify' visible='true' lat='38.76321502766' lon='-9.13276613027' />
  <node id='-2147499697' action='modify' visible='true' lat='38.76323594191' lon='-9.13240403205' />
  <node id='-2147499698' action='modify' visible='true' lat='38.76324639904' lon='-9.13219750196' />
  <node id='-2147499699' action='modify' visible='true' lat='38.76303934766' lon='-9.1318219927' />
  <node id='-2147499700' action='modify' visible='true' lat='38.76301215905' lon='-9.13216799766' />
  <node id='-2147499701' action='modify' visible='true' lat='38.76297869614' lon='-9.13267225295' />
  <node id='-2147499702' action='modify' visible='true' lat='38.76517429058' lon='-9.1295548287' />
  <node id='-2147499703' action='modify' visible='true' lat='38.76353710652' lon='-9.12968963653' />
  <node id='-2147499704' action='modify' visible='true' lat='38.76358520908' lon='-9.12936240703' />
  <node id='-2147499705' action='modify' visible='true' lat='38.76413524913' lon='-9.12921756774' />
  <node id='-2147499706' action='modify' visible='true' lat='38.7637985331' lon='-9.12925109535' />
  <node id='-2147499707' action='modify' visible='true' lat='38.7640327705' lon='-9.12877232105' />
  <node id='-2147499708' action='modify' visible='true' lat='38.76420008246' lon='-9.12847996026' />
  <node id='-2147499709' action='modify' visible='true' lat='38.76441758742' lon='-9.1286999014' />
  <node id='-2147499710' action='modify' visible='true' lat='38.76431301781' lon='-9.12887960941' />
  <node id='-2147499711' action='modify' visible='true' lat='38.76550510228' lon='-9.12736952573' />
  <node id='-2147499712' action='modify' visible='true' lat='38.76535766134' lon='-9.12713215023' />
  <node id='-2147499713' action='modify' visible='true' lat='38.7653367477' lon='-9.12713215023' />
  <node id='-2147499714' action='modify' visible='true' lat='38.76347018116' lon='-9.12919208676' />
  <node id='-2147499715' action='modify' visible='true' lat='38.76339175293' lon='-9.12906736404' />
  <node id='-2147499716' action='modify' visible='true' lat='38.76527086971' lon='-9.12700608641' />
  <node id='-2147499717' action='modify' visible='true' lat='38.76774073189' lon='-9.14601624548' />
  <node id='-2147499718' action='modify' visible='true' lat='38.7660593123' lon='-9.14637029708' />
  <node id='-2147499719' action='modify' visible='true' lat='38.76593383164' lon='-9.1468530947' />
  <node id='-2147499729' action='modify' visible='true' lat='38.7646371852' lon='-9.14212704241' />
  <node id='-2147499739' action='modify' visible='true' lat='38.76457444155' lon='-9.14219409496' />
  <node id='-2147499761' action='modify' visible='true' lat='38.76457862432' lon='-9.14237380296' />
  <node id='-2147499777' action='modify' visible='true' lat='38.76418544164' lon='-9.14240330592' />
  <node id='-2147499790' action='modify' visible='true' lat='38.76416557336' lon='-9.14254278079' />
  <node id='-2147499792' action='modify' visible='true' lat='38.76415198031' lon='-9.13915783435' />
  <node id='-2147499793' action='modify' visible='true' lat='38.76412897493' lon='-9.1393214491' />
  <node id='-2147499794' action='modify' visible='true' lat='38.76411851793' lon='-9.1394394663' />
  <node id='-2147499795' action='modify' visible='true' lat='38.76405577592' lon='-9.13968891174' />
  <node id='-2147499796' action='modify' visible='true' lat='38.76401813069' lon='-9.13990617067' />
  <node id='-2147499797' action='modify' visible='true' lat='38.76398675965' lon='-9.13998931915' />
  <node id='-2147499798' action='modify' visible='true' lat='38.76394284016' lon='-9.13998931915' />
  <node id='-2147499799' action='modify' visible='true' lat='38.76386336674' lon='-9.13985520869' />
  <node id='-2147499800' action='modify' visible='true' lat='38.76384245267' lon='-9.13960308105' />
  <node id='-2147499801' action='modify' visible='true' lat='38.76387173237' lon='-9.13941264421' />
  <node id='-2147499802' action='modify' visible='true' lat='38.76385500112' lon='-9.13922488958' />
  <node id='-2147499803' action='modify' visible='true' lat='38.76409342113' lon='-9.13922220737' />
  <node id='-2147499805' action='modify' visible='true' lat='38.76412060933' lon='-9.14034068853' />
  <node id='-2147499806' action='modify' visible='true' lat='38.76413106633' lon='-9.14017170936' />
  <node id='-2147499807' action='modify' visible='true' lat='38.76421681364' lon='-9.13991153508' />
  <node id='-2147499808' action='modify' visible='true' lat='38.76430046945' lon='-9.1397962001' />
  <node id='-2147499809' action='modify' visible='true' lat='38.76454725353' lon='-9.13981765777' />
  <node id='-2147499810' action='modify' visible='true' lat='38.76458071571' lon='-9.13981765777' />
  <node id='-2147499811' action='modify' visible='true' lat='38.76459535541' lon='-9.13989544183' />
  <node id='-2147499812' action='modify' visible='true' lat='38.76462254341' lon='-9.13995713264' />
  <node id='-2147499813' action='modify' visible='true' lat='38.76465391418' lon='-9.13999736577' />
  <node id='-2147499814' action='modify' visible='true' lat='38.76469155908' lon='-9.14004832774' />
  <node id='-2147499815' action='modify' visible='true' lat='38.76471456428' lon='-9.14011001855' />
  <node id='-2147499816' action='modify' visible='true' lat='38.7646769194' lon='-9.14034605294' />
  <node id='-2147499817' action='modify' visible='true' lat='38.76463718311' lon='-9.14049357444' />
  <node id='-2147499818' action='modify' visible='true' lat='38.76457235017' lon='-9.1405713585' />
  <node id='-2147499819' action='modify' visible='true' lat='38.76436321125' lon='-9.14102196962' />
  <node id='-2147499820' action='modify' visible='true' lat='38.7644217702' lon='-9.14116144449' />
  <node id='-2147499821' action='modify' visible='true' lat='38.76442804438' lon='-9.14132505924' />
  <node id='-2147499822' action='modify' visible='true' lat='38.76442595299' lon='-9.14146185189' />
  <node id='-2147499823' action='modify' visible='true' lat='38.76438412517' lon='-9.14165497094' />
  <node id='-2147499824' action='modify' visible='true' lat='38.76437157681' lon='-9.14177567035' />
  <node id='-2147499825' action='modify' visible='true' lat='38.76430674363' lon='-9.14200634032' />
  <node id='-2147499826' action='modify' visible='true' lat='38.76432347478' lon='-9.14180517465' />
  <node id='-2147499827' action='modify' visible='true' lat='38.76437785099' lon='-9.14145648748' />
  <node id='-2147499828' action='modify' visible='true' lat='38.76436111985' lon='-9.14121777087' />
  <node id='-2147499829' action='modify' visible='true' lat='38.76432765757' lon='-9.14109438926' />
  <node id='-2147499830' action='modify' visible='true' lat='38.76415616311' lon='-9.14052576095' />
  <node id='-2147499831' action='modify' visible='true' lat='38.76411015233' lon='-9.14041579038' />
  <node id='-2147499842' action='modify' visible='true' lat='38.7641708029' lon='-9.14162814885' />
  <node id='-2147499843' action='modify' visible='true' lat='38.76421472224' lon='-9.14136261016' />
  <node id='-2147499844' action='modify' visible='true' lat='38.76418753408' lon='-9.14121240646' />
  <node id='-2147499845' action='modify' visible='true' lat='38.76412270073' lon='-9.14098441869' />
  <node id='-2147499846' action='modify' visible='true' lat='38.76401394997' lon='-9.14061964095' />
  <node id='-2147499847' action='modify' visible='true' lat='38.76398048753' lon='-9.14067328513' />
  <node id='-2147499848' action='modify' visible='true' lat='38.76398048753' lon='-9.14083958209' />
  <node id='-2147499849' action='modify' visible='true' lat='38.76389264853' lon='-9.14108634531' />
  <node id='-2147499850' action='modify' visible='true' lat='38.7638257235' lon='-9.141467219' />
  <node id='-2147499875' action='modify' visible='true' lat='38.76363331371' lon='-9.14247036517' />
  <node id='-2147499876' action='modify' visible='true' lat='38.76373370149' lon='-9.14241135657' />
  <node id='-2147499877' action='modify' visible='true' lat='38.76389264853' lon='-9.1423308903' />
  <node id='-2147499878' action='modify' visible='true' lat='38.76403068119' lon='-9.14223433077' />
  <node id='-2147499879' action='modify' visible='true' lat='38.76408924042' lon='-9.14213240683' />
  <node id='-2147499882' action='modify' visible='true' lat='38.76366259349' lon='-9.14210022032' />
  <node id='-2147499883' action='modify' visible='true' lat='38.76359985108' lon='-9.14235771239' />
  <node id='-2147499885' action='modify' visible='true' lat='38.76354129144' lon='-9.14165497363' />
  <node id='-2147499886' action='modify' visible='true' lat='38.76359985108' lon='-9.14153695643' />
  <node id='-2147499887' action='modify' visible='true' lat='38.76370860456' lon='-9.1411399895' />
  <node id='-2147499888' action='modify' visible='true' lat='38.76375879841' lon='-9.14094150603' />
  <node id='-2147499889' action='modify' visible='true' lat='38.7638257235' lon='-9.14058745444' />
  <node id='-2147499890' action='modify' visible='true' lat='38.76384245476' lon='-9.14035678446' />
  <node id='-2147499891' action='modify' visible='true' lat='38.7638006266' lon='-9.1403085047' />
  <node id='-2147499892' action='modify' visible='true' lat='38.76376716405' lon='-9.1405767256' />
  <node id='-2147499893' action='modify' visible='true' lat='38.76370442173' lon='-9.14095759928' />
  <node id='-2147499894' action='modify' visible='true' lat='38.76366468281' lon='-9.14117485553' />
  <node id='-2147499895' action='modify' visible='true' lat='38.76358311767' lon='-9.14144307643' />
  <node id='-2147499896' action='modify' visible='true' lat='38.76352874085' lon='-9.14162546664' />
  <node id='-2147499898' action='modify' visible='true' lat='38.76404113611' lon='-9.14061159164' />
  <node id='-2147499899' action='modify' visible='true' lat='38.76400139947' lon='-9.14056331187' />
  <node id='-2147499900' action='modify' visible='true' lat='38.76395329719' lon='-9.1406008628' />
  <node id='-2147499901' action='modify' visible='true' lat='38.76392401752' lon='-9.14078861743' />
  <node id='-2147499902' action='modify' visible='true' lat='38.76388846362' lon='-9.14097637206' />
  <node id='-2147499903' action='modify' visible='true' lat='38.76380271592' lon='-9.14094418555' />
  <node id='-2147499904' action='modify' visible='true' lat='38.76389055503' lon='-9.14057940513' />
  <node id='-2147499905' action='modify' visible='true' lat='38.7638821894' lon='-9.14034068853' />
  <node id='-2147499906' action='modify' visible='true' lat='38.76385290971' lon='-9.14017707378' />
  <node id='-2147499907' action='modify' visible='true' lat='38.76380062451' lon='-9.14005905658' />
  <node id='-2147499908' action='modify' visible='true' lat='38.76386650385' lon='-9.13996786147' />
  <node id='-2147499909' action='modify' visible='true' lat='38.76393447454' lon='-9.14008587867' />
  <node id='-2147499910' action='modify' visible='true' lat='38.76401603929' lon='-9.14005369216' />
  <node id='-2147499911' action='modify' visible='true' lat='38.76410283243' lon='-9.14012745291' />
  <node id='-2147499912' action='modify' visible='true' lat='38.76407878133' lon='-9.14023608238' />
  <node id='-2147499913' action='modify' visible='true' lat='38.76409551253' lon='-9.14046675235' />
  <node id='-2147499914' action='modify' visible='true' lat='38.76413943192' lon='-9.14059818059' />
  <node id='-2147499940' action='modify' visible='true' lat='38.76338652438' lon='-9.13902640611' />
  <node id='-2147499955' action='modify' visible='true' lat='38.76337815869' lon='-9.13886010915' />
  <node id='-2147499973' action='modify' visible='true' lat='38.76338861475' lon='-9.13911491767' />
  <node id='-2147499981' action='modify' visible='true' lat='38.76347436295' lon='-9.13908273116' />
  <node id='-2147499998' action='modify' visible='true' lat='38.76348377433' lon='-9.13920208946' />
  <node id='-2147500030' action='modify' visible='true' lat='38.76340430041' lon='-9.13925036922' />
  <node id='-2147500045' action='modify' visible='true' lat='38.76342835174' lon='-9.13935095206' />
  <node id='-2147500057' action='modify' visible='true' lat='38.76351096276' lon='-9.13932949439' />
  <node id='-2147500071' action='modify' visible='true' lat='38.76344090025' lon='-9.13943141833' />
  <node id='-2147500087' action='modify' visible='true' lat='38.76352664839' lon='-9.13939118519' />
  <node id='-2147500102' action='modify' visible='true' lat='38.76345972302' lon='-9.13947835699' />
  <node id='-2147500114' action='modify' visible='true' lat='38.7642617776' lon='-9.13967147604' />
  <node id='-2147500116' action='modify' visible='true' lat='38.76358729945' lon='-9.14210558072' />
  <node id='-2147500117' action='modify' visible='true' lat='38.76350573422' lon='-9.14207607642' />
  <node id='-2147500118' action='modify' visible='true' lat='38.76432556513' lon='-9.1412070407' />
  <node id='-2147500119' action='modify' visible='true' lat='38.76422622388' lon='-9.14126470819' />
  <node id='-2147500122' action='modify' visible='true' lat='38.76434647906' lon='-9.14134651557' />
  <node id='-2147500123' action='modify' visible='true' lat='38.76423668086' lon='-9.14134249225' />
  <node id='-2147500124' action='modify' visible='true' lat='38.76423981795' lon='-9.14211496845' />
  <node id='-2147500125' action='modify' visible='true' lat='38.76412583678' lon='-9.1421015574' />
  <node id='-2147500134' action='modify' visible='true' lat='38.76408819159' lon='-9.1424569501' />
  <node id='-2147500164' action='modify' visible='true' lat='38.76356952242' lon='-9.14281770721' />
  <node id='-2147500184' action='modify' visible='true' lat='38.76351305418' lon='-9.14262190595' />
  <node id='-2147500193' action='modify' visible='true' lat='38.76361553355' lon='-9.14253339306' />
  <node id='-2147500205' action='modify' visible='true' lat='38.76379539494' lon='-9.14245426789' />
  <node id='-2147500214' action='modify' visible='true' lat='38.76394074771' lon='-9.14237916604' />
  <node id='-2147500255' action='modify' visible='true' lat='38.76419799002' lon='-9.14227724209' />
  <node id='-2147500262' action='modify' visible='true' lat='38.76407146038' lon='-9.14243415132' />
  <node id='-2147500278' action='modify' visible='true' lat='38.76409655719' lon='-9.14220214024' />
  <node id='-2147500292' action='modify' visible='true' lat='38.76404531787' lon='-9.14229065314' />
  <node id='-2147500311' action='modify' visible='true' lat='38.76348795717' lon='-9.14291963115' />
  <node id='-2147500318' action='modify' visible='true' lat='38.76338652333' lon='-9.14292365447' />
  <node id='-2147500337' action='modify' visible='true' lat='38.76342521461' lon='-9.14270371333' />
  <node id='-2147500349' action='modify' visible='true' lat='38.76311464123' lon='-9.14842486918' />
  <node id='-2147500350' action='modify' visible='true' lat='38.76300170399' lon='-9.14849460661' />
  <node id='-2147500351' action='modify' visible='true' lat='38.7628678522' lon='-9.14855897963' />
  <node id='-2147500352' action='modify' visible='true' lat='38.76263779386' lon='-9.14856434405' />
  <node id='-2147500353' action='modify' visible='true' lat='38.76254995321' lon='-9.1484892422' />
  <node id='-2147500354' action='modify' visible='true' lat='38.76241610058' lon='-9.1484892422' />
  <node id='-2147500355' action='modify' visible='true' lat='38.76232407675' lon='-9.14857507288' />
  <node id='-2147500356' action='modify' visible='true' lat='38.7621609433' lon='-9.14817810595' />
  <node id='-2147500357' action='modify' visible='true' lat='38.76147075922' lon='-9.14830148757' />
  <node id='-2147500358' action='modify' visible='true' lat='38.76150003989' lon='-9.14808154643' />
  <node id='-2147500359' action='modify' visible='true' lat='38.76221532116' lon='-9.1479259783' />
  <node id='-2147500360' action='modify' visible='true' lat='38.76236590577' lon='-9.14780796111' />
  <node id='-2147500361' action='modify' visible='true' lat='38.76238682028' lon='-9.14760947764' />
  <node id='-2147500362' action='modify' visible='true' lat='38.76240773478' lon='-9.14722860396' />
  <node id='-2147500363' action='modify' visible='true' lat='38.76245792955' lon='-9.14703548491' />
  <node id='-2147500364' action='modify' visible='true' lat='38.76254158743' lon='-9.14693356097' />
  <node id='-2147500365' action='modify' visible='true' lat='38.76262942809' lon='-9.14676726401' />
  <node id='-2147500366' action='modify' visible='true' lat='38.76288876656' lon='-9.14686382353' />
  <node id='-2147500367' action='modify' visible='true' lat='38.76304771548' lon='-9.14690137446' />
  <node id='-2147500368' action='modify' visible='true' lat='38.76313555552' lon='-9.14690137446' />
  <node id='-2147500369' action='modify' visible='true' lat='38.76331123528' lon='-9.14719641745' />
  <node id='-2147500370' action='modify' visible='true' lat='38.76336142941' lon='-9.14741099417' />
  <node id='-2147500371' action='modify' visible='true' lat='38.76341580635' lon='-9.14765239298' />
  <node id='-2147500372' action='modify' visible='true' lat='38.76334051519' lon='-9.14850533545' />
  <node id='-2147500385' action='modify' visible='true' lat='38.76478358194' lon='-9.14270639956' />
  <node id='-2147500406' action='modify' visible='true' lat='38.76598820662' lon='-9.14584994853' />
  <node id='-2147500430' action='modify' visible='true' lat='38.76498853688' lon='-9.14302826464' />
  <node id='-2147500435' action='modify' visible='true' lat='38.76445732593' lon='-9.14377928317' />
  <node id='-2147500457' action='modify' visible='true' lat='38.7634534519' lon='-9.14464831889' />
  <node id='-2147500469' action='modify' visible='true' lat='38.76557411918' lon='-9.1458714062' />
  <node id='-2147500480' action='modify' visible='true' lat='38.76500526787' lon='-9.14584994853' />
  <node id='-2147500499' action='modify' visible='true' lat='38.7644991537' lon='-9.14593577921' />
  <node id='-2147500510' action='modify' visible='true' lat='38.76400558436' lon='-9.14605916083' />
  <node id='-2147500525' action='modify' visible='true' lat='38.76355802277' lon='-9.14622545779' />
  <node id='-2147500545' action='modify' visible='true' lat='38.76319411549' lon='-9.14481998026' />
  <node id='-2147500561' action='modify' visible='true' lat='38.76291804665' lon='-9.1448897177' />
  <node id='-2147500590' action='modify' visible='true' lat='38.76282602347' lon='-9.14542079508' />
  <node id='-2147500602' action='modify' visible='true' lat='38.76280615481' lon='-9.14566219389' />
  <node id='-2147500611' action='modify' visible='true' lat='38.7630226183' lon='-9.14630055964' />
  <node id='-2147500625' action='modify' visible='true' lat='38.76327358965' lon='-9.14631665289' />
  <node id='-2147500637' action='modify' visible='true' lat='38.763148102' lon='-9.14634615451' />
  <node id='-2147500638' action='modify' visible='true' lat='38.76451170203' lon='-9.14666534007' />
  <node id='-2147500639' action='modify' visible='true' lat='38.76446987426' lon='-9.14632738173' />
  <node id='-2147500709' action='modify' visible='true' lat='38.77289767468' lon='-9.14963186324' />
  <node id='-2147500718' action='modify' visible='true' lat='38.77262164339' lon='-9.14974451602' />
  <node id='-2147500731' action='modify' visible='true' lat='38.77237488724' lon='-9.14967477858' />
  <node id='-2147500752' action='modify' visible='true' lat='38.76685820068' lon='-9.14890230238' />
  <node id='-2147500791' action='modify' visible='true' lat='38.76200617324' lon='-9.14793402225' />
  <node id='-2147500792' action='modify' visible='true' lat='38.76178029506' lon='-9.14795547992' />
  <node id='-2147500793' action='modify' visible='true' lat='38.76185558786' lon='-9.14760142833' />
  <node id='-2147500794' action='modify' visible='true' lat='38.76210028894' lon='-9.14758801728' />
  <node id='-2147500799' action='modify' visible='true' lat='38.76182944454' lon='-9.14863005549' />
  <node id='-2147500800' action='modify' visible='true' lat='38.76160356579' lon='-9.14865151316' />
  <node id='-2147500801' action='modify' visible='true' lat='38.76167885879' lon='-9.14829746157' />
  <node id='-2147500802' action='modify' visible='true' lat='38.76192356047' lon='-9.14828405052' />
  <node id='-2147500804' action='modify' visible='true' lat='38.76255204256' lon='-9.14545834333' />
  <node id='-2147500805' action='modify' visible='true' lat='38.76229061141' lon='-9.14537519485' />
  <node id='-2147500810' action='modify' visible='true' lat='38.76255308933' lon='-9.14550796553' />
  <node id='-2147500811' action='modify' visible='true' lat='38.762444332' lon='-9.14651647344' />
  <node id='-2147500812' action='modify' visible='true' lat='38.76233766805' lon='-9.14650574461' />
  <node id='-2147500813' action='modify' visible='true' lat='38.76249243739' lon='-9.14549991891' />
  <node id='-2147500841' action='modify' visible='true' lat='38.7625081222' lon='-9.14686382085' />
  <node id='-2147500873' action='modify' visible='true' lat='38.76251648798' lon='-9.14670825273' />
  <node id='-2147500892' action='modify' visible='true' lat='38.76243492048' lon='-9.14679139987' />
  <node id='-2147500905' action='modify' visible='true' lat='38.76238472569' lon='-9.14671898022' />
  <node id='-2147500936' action='modify' visible='true' lat='38.76246733793' lon='-9.14664790168' />
  <node id='-2147500953' action='modify' visible='true' lat='38.76235858256' lon='-9.14664924279' />
  <node id='-2147500969' action='modify' visible='true' lat='38.76234917103' lon='-9.14658889309' />
  <node id='-2147500983' action='modify' visible='true' lat='38.76244642345' lon='-9.14656072989' />
  <node id='-2147501036' action='modify' visible='true' lat='38.76247570581' lon='-9.14549723669' />
  <node id='-2147501039' action='modify' visible='true' lat='38.76228329238' lon='-9.14541677043' />
  <node id='-2147501063' action='modify' visible='true' lat='38.76499899375' lon='-9.14663315356' />
  <node id='-2147501066' action='modify' visible='true' lat='38.76498226276' lon='-9.14627373755' />
  <node id='-2147501074' action='modify' visible='true' lat='38.76549569326' lon='-9.1467055732' />
  <node id='-2147501077' action='modify' visible='true' lat='38.76556679943' lon='-9.14624423325' />
  <node id='-2147501117' action='modify' visible='true' lat='38.7666197899' lon='-9.15037215292' />
  <node id='-2147501118' action='modify' visible='true' lat='38.76668671231' lon='-9.14995372832' />
  <node id='-2147501119' action='modify' visible='true' lat='38.7666950776' lon='-9.14972842276' />
  <node id='-2147501120' action='modify' visible='true' lat='38.76663233786' lon='-9.14964259207' />
  <node id='-2147501121' action='modify' visible='true' lat='38.76654868478' lon='-9.14957285464' />
  <node id='-2147501122' action='modify' visible='true' lat='38.76645666628' lon='-9.14955139697' />
  <node id='-2147501123' action='modify' visible='true' lat='38.76616387935' lon='-9.14963722765' />
  <node id='-2147501124' action='modify' visible='true' lat='38.76574979293' lon='-9.14966404974' />
  <node id='-2147501125' action='modify' visible='true' lat='38.76539426227' lon='-9.14971769392' />
  <node id='-2147501126' action='modify' visible='true' lat='38.76482122677' lon='-9.14971232951' />
  <node id='-2147501127' action='modify' visible='true' lat='38.76362913088' lon='-9.14963186324' />
  <node id='-2147501128' action='modify' visible='true' lat='38.76351201161' lon='-9.15116072237' />
  <node id='-2147501129' action='modify' visible='true' lat='38.76508474002' lon='-9.15152013838' />
  <node id='-2147501130' action='modify' visible='true' lat='38.76577488915' lon='-9.15167570651' />
  <node id='-2147501131' action='modify' visible='true' lat='38.76591291817' lon='-9.15162742674' />
  <node id='-2147501132' action='modify' visible='true' lat='38.76632700364' lon='-9.1510802561' />
  <node id='-2147501133' action='modify' visible='true' lat='38.76642738764' lon='-9.15091395915' />
  <node id='-2147501134' action='modify' visible='true' lat='38.76638137833' lon='-9.15082812846' />
  <node id='-2147501135' action='modify' visible='true' lat='38.76659887664' lon='-9.15050626338' />
  <node id='-2147501147' action='modify' visible='true' lat='38.7680376991' lon='-9.1490364182' />
  <node id='-2147501163' action='modify' visible='true' lat='38.76770309279' lon='-9.15160061002' />
  <node id='-2147501224' action='modify' visible='true' lat='38.76678291315' lon='-9.14955676138' />
  <node id='-2147501234' action='modify' visible='true' lat='38.76678291315' lon='-9.14903641284' />
  <node id='-2147501247' action='modify' visible='true' lat='38.76682055693' lon='-9.149680143' />
  <node id='-2147501261' action='modify' visible='true' lat='38.76669926025' lon='-9.1504257971' />
  <node id='-2147501290' action='modify' visible='true' lat='38.76711752378' lon='-9.15141285002' />
  <node id='-2147501300' action='modify' visible='true' lat='38.76637719566' lon='-9.15126801074' />
  <node id='-2147501318' action='modify' visible='true' lat='38.76670762554' lon='-9.15050626338' />
  <node id='-2147501332' action='modify' visible='true' lat='38.76641693098' lon='-9.15096492112' />
  <node id='-2147501373' action='modify' visible='true' lat='38.76934264455' lon='-9.1484302336' />
  <node id='-2147501388' action='modify' visible='true' lat='38.7690665995' lon='-9.14840877593' />
  <node id='-2147501415' action='modify' visible='true' lat='38.76268693961' lon='-9.14565011993' />
  <node id='-2147501438' action='modify' visible='true' lat='38.76270889974' lon='-9.14546638861' />
  <node id='-2147501439' action='modify' visible='true' lat='38.76311568381' lon='-9.14644807711' />
  <node id='-2147501440' action='modify' visible='true' lat='38.7630518952' lon='-9.14643332496' />
  <node id='-2147501441' action='modify' visible='true' lat='38.76294314072' lon='-9.14638772741' />
  <node id='-2147501442' action='modify' visible='true' lat='38.76283124892' lon='-9.14629787341' />
  <node id='-2147501443' action='modify' visible='true' lat='38.76271308263' lon='-9.1461476697' />
  <node id='-2147501444' action='modify' visible='true' lat='38.76266393375' lon='-9.14596527949' />
  <node id='-2147501445' action='modify' visible='true' lat='38.7626513851' lon='-9.14568498865' />
  <node id='-2147501446' action='modify' visible='true' lat='38.76268693961' lon='-9.14546638861' />
  <node id='-2147501447' action='modify' visible='true' lat='38.7626221049' lon='-9.14544224873' />
  <node id='-2147501448' action='modify' visible='true' lat='38.76258550463' lon='-9.14566218987' />
  <node id='-2147501449' action='modify' visible='true' lat='38.76256459019' lon='-9.14584189788' />
  <node id='-2147501450' action='modify' visible='true' lat='38.76257191024' lon='-9.1459384574' />
  <node id='-2147501451' action='modify' visible='true' lat='38.76259700758' lon='-9.14610073105' />
  <node id='-2147501452' action='modify' visible='true' lat='38.76263360784' lon='-9.14620399609' />
  <node id='-2147501453' action='modify' visible='true' lat='38.76268066529' lon='-9.14626971021' />
  <node id='-2147501454' action='modify' visible='true' lat='38.76277059722' lon='-9.14639175072' />
  <node id='-2147501455' action='modify' visible='true' lat='38.76284066039' lon='-9.14645880595' />
  <node id='-2147501456' action='modify' visible='true' lat='38.76292222638' lon='-9.14650708571' />
  <node id='-2147501457' action='modify' visible='true' lat='38.76303411804' lon='-9.14654061332' />
  <node id='-2147501458' action='modify' visible='true' lat='38.76310836381' lon='-9.14655000106' />
  <node id='-2147501463' action='modify' visible='true' lat='38.76332796457' lon='-9.14656073123' />
  <node id='-2147501466' action='modify' visible='true' lat='38.76329554751' lon='-9.14641589195' />
  <node id='-2147501476' action='modify' visible='true' lat='38.76392558555' lon='-9.14633810721' />
  <node id='-2147501479' action='modify' visible='true' lat='38.76389630587' lon='-9.14619997345' />
  <node id='-2147501490' action='modify' visible='true' lat='38.76519061325' lon='-9.14604373511' />
  <node id='-2147501493' action='modify' visible='true' lat='38.76519061325' lon='-9.14592705902' />
  <node id='-2147501502' action='modify' visible='true' lat='38.76288667408' lon='-9.14439618989' />
  <node id='-2147501505' action='modify' visible='true' lat='38.76280510805' lon='-9.14438546106' />
  <node id='-2147501515' action='modify' visible='true' lat='38.76293896099' lon='-9.14421916544' />
  <node id='-2147501516' action='modify' visible='true' lat='38.7630226183' lon='-9.14403141081' />
  <node id='-2147501517' action='modify' visible='true' lat='38.76315228694' lon='-9.14384365618' />
  <node id='-2147501518' action='modify' visible='true' lat='38.76324849255' lon='-9.14370954573' />
  <node id='-2147501519' action='modify' visible='true' lat='38.76334469804' lon='-9.14350569785' />
  <node id='-2147501520' action='modify' visible='true' lat='38.76325685825' lon='-9.14345205367' />
  <node id='-2147501521' action='modify' visible='true' lat='38.76318574978' lon='-9.14359152853' />
  <node id='-2147501522' action='modify' visible='true' lat='38.76306444692' lon='-9.14377391875' />
  <node id='-2147501523' action='modify' visible='true' lat='38.76293477813' lon='-9.14400458872' />
  <node id='-2147501524' action='modify' visible='true' lat='38.76285948646' lon='-9.14413869917' />
  <node id='-2147501551' action='modify' visible='true' lat='38.76926526944' lon='-9.14973512962' />
  <node id='-2147501554' action='modify' visible='true' lat='38.76952040131' lon='-9.14967075661' />
  <node id='-2147501565' action='modify' visible='true' lat='38.7694430243' lon='-9.14925635397' />
  <node id='-2147501586' action='modify' visible='true' lat='38.76916279714' lon='-9.14920807421' />
  <node id='-2147501615' action='modify' visible='true' lat='38.76626426358' lon='-9.14572656691' />
  <node id='-2147501634' action='modify' visible='true' lat='38.76691675759' lon='-9.14540470183' />
  <node id='-2147501697' action='modify' visible='true' lat='38.77560774333' lon='-9.13396239817' />
  <node id='-2147501723' action='modify' visible='true' lat='38.77498251077' lon='-9.13527936011' />
  <node id='-2147501724' action='modify' visible='true' lat='38.77528153473' lon='-9.13627982408' />
  <node id='-2147501725' action='modify' visible='true' lat='38.77326571474' lon='-9.13753510058' />
  <node id='-2147501727' action='modify' visible='true' lat='38.7734622808' lon='-9.13822174609' />
  <node id='-2147501744' action='modify' visible='true' lat='38.77488841416' lon='-9.13583994448' />
  <node id='-2147501759' action='modify' visible='true' lat='38.77529408325' lon='-9.13619936049' />
  <node id='-2147501772' action='modify' visible='true' lat='38.77487168549' lon='-9.13604915679' />
  <node id='-2147501783' action='modify' visible='true' lat='38.77323643889' lon='-9.13739026129' />
  <node id='-2147501784' action='modify' visible='true' lat='38.77572066063' lon='-9.13605988562' />
  <node id='-2147501785' action='modify' visible='true' lat='38.7761095966' lon='-9.13556099474' />
  <way id='-2147506173' action='modify' visible='true'>
    <nd ref='-2147499064' />
    <nd ref='-2147499065' />
    <nd ref='-2147499066' />
    <nd ref='-2147499067' />
    <nd ref='-2147499068' />
    <nd ref='-2147499440' />
    <nd ref='-2147499702' />
    <nd ref='-2147499069' />
    <nd ref='-2147499441' />
    <nd ref='-2147499070' />
    <nd ref='-2147499071' />
    <nd ref='-2147499072' />
    <nd ref='-2147499237' />
    <nd ref='-2147499436' />
    <nd ref='-2147499437' />
    <nd ref='-2147499438' />
    <nd ref='-2147499442' />
    <nd ref='-2147499444' />
    <nd ref='-2147499443' />
    <nd ref='-2147499439' />
    <nd ref='-2147499238' />
    <nd ref='-2147499073' />
    <nd ref='-2147499074' />
    <nd ref='-2147499460' />
    <nd ref='-2147499463' />
    <nd ref='-2147499462' />
    <nd ref='-2147499461' />
    <nd ref='-2147499459' />
    <nd ref='-2147499458' />
    <nd ref='-2147499455' />
    <nd ref='-2147499075' />
    <nd ref='-2147499076' />
    <nd ref='-2147499077' />
    <nd ref='-2147499239' />
    <nd ref='-2147499457' />
    <nd ref='-2147499078' />
    <nd ref='-2147499456' />
    <nd ref='-2147499079' />
    <nd ref='-2147499080' />
    <nd ref='-2147499081' />
    <nd ref='-2147499082' />
    <nd ref='-2147499083' />
    <nd ref='-2147499084' />
    <nd ref='-2147499085' />
    <nd ref='-2147499086' />
    <nd ref='-2147499139' />
    <nd ref='-2147499087' />
    <nd ref='-2147499088' />
    <nd ref='-2147499089' />
    <nd ref='-2147499090' />
    <nd ref='-2147499138' />
    <nd ref='-2147499137' />
    <nd ref='-2147499136' />
    <nd ref='-2147499206' />
    <nd ref='-2147499091' />
    <nd ref='-2147499092' />
    <nd ref='-2147499093' />
    <nd ref='-2147499094' />
    <nd ref='-2147499095' />
    <nd ref='-2147499135' />
    <nd ref='-2147499096' />
    <nd ref='-2147499097' />
    <nd ref='-2147499098' />
    <nd ref='-2147499099' />
    <nd ref='-2147499100' />
    <nd ref='-2147499101' />
    <nd ref='-2147499102' />
    <nd ref='-2147499103' />
    <nd ref='-2147499104' />
    <nd ref='-2147499105' />
    <nd ref='-2147499106' />
    <nd ref='-2147499107' />
    <nd ref='-2147499108' />
    <nd ref='-2147499109' />
    <nd ref='-2147499110' />
    <nd ref='-2147499134' />
    <nd ref='-2147499133' />
    <nd ref='-2147499132' />
    <nd ref='-2147499248' />
    <nd ref='-2147499131' />
    <nd ref='-2147499350' />
    <nd ref='-2147499130' />
    <nd ref='-2147499249' />
    <nd ref='-2147499250' />
    <nd ref='-2147499111' />
    <nd ref='-2147499176' />
    <nd ref='-2147499177' />
    <nd ref='-2147499434' />
    <nd ref='-2147499178' />
    <nd ref='-2147499179' />
    <nd ref='-2147499376' />
    <nd ref='-2147499377' />
    <nd ref='-2147499378' />
    <nd ref='-2147499379' />
    <nd ref='-2147499180' />
    <nd ref='-2147499191' />
    <nd ref='-2147499193' />
    <nd ref='-2147499192' />
    <nd ref='-2147499190' />
    <nd ref='-2147499174' />
    <nd ref='-2147499173' />
    <nd ref='-2147499175' />
    <nd ref='-2147499112' />
    <nd ref='-2147499382' />
    <nd ref='-2147499113' />
    <nd ref='-2147499240' />
    <nd ref='-2147499241' />
    <nd ref='-2147499242' />
    <nd ref='-2147499114' />
    <nd ref='-2147499115' />
    <nd ref='-2147499383' />
    <nd ref='-2147499384' />
    <nd ref='-2147499116' />
    <nd ref='-2147499385' />
    <nd ref='-2147499386' />
    <nd ref='-2147499387' />
    <nd ref='-2147499388' />
    <nd ref='-2147499389' />
    <nd ref='-2147499117' />
    <nd ref='-2147499125' />
    <nd ref='-2147501697' />
    <nd ref='-2147499246' />
    <nd ref='-2147499245' />
    <nd ref='-2147499118' />
    <nd ref='-2147499064' />
    <tag k='altitude' v='100' />
  </way>
  <way id='-2147506174' action='modify' visible='true'>
    <nd ref='-2147501724' />
    <nd ref='-2147501783' />
    <nd ref='-2147501725' />
    <nd ref='-2147501727' />
    <nd ref='-2147499420' />
    <nd ref='-2147499417' />
    <nd ref='-2147499421' />
    <nd ref='-2147499121' />
    <nd ref='-2147499144' />
    <nd ref='-2147499143' />
    <nd ref='-2147501634' />
    <nd ref='-2147501615' />
    <nd ref='-2147500406' />
    <nd ref='-2147500469' />
    <nd ref='-2147500480' />
    <nd ref='-2147500499' />
    <nd ref='-2147500510' />
    <nd ref='-2147500525' />
    <nd ref='-2147500625' />
    <nd ref='-2147500637' />
    <nd ref='-2147500611' />
    <nd ref='-2147500602' />
    <nd ref='-2147501415' />
    <nd ref='-2147501438' />
    <nd ref='-2147500590' />
    <nd ref='-2147500561' />
    <nd ref='-2147500545' />
    <nd ref='-2147500457' />
    <nd ref='-2147500435' />
    <nd ref='-2147500430' />
    <nd ref='-2147500385' />
    <nd ref='-2147499427' />
    <nd ref='-2147499761' />
    <nd ref='-2147499790' />
    <nd ref='-2147500164' />
    <nd ref='-2147500311' />
    <nd ref='-2147500318' />
    <nd ref='-2147500337' />
    <nd ref='-2147500117' />
    <nd ref='-2147500116' />
    <nd ref='-2147500184' />
    <nd ref='-2147500193' />
    <nd ref='-2147500205' />
    <nd ref='-2147500214' />
    <nd ref='-2147500292' />
    <nd ref='-2147500278' />
    <nd ref='-2147500125' />
    <nd ref='-2147500124' />
    <nd ref='-2147500255' />
    <nd ref='-2147500262' />
    <nd ref='-2147500134' />
    <nd ref='-2147499777' />
    <nd ref='-2147499739' />
    <nd ref='-2147499729' />
    <nd ref='-2147499428' />
    <nd ref='-2147499429' />
    <nd ref='-2147499126' />
    <nd ref='-2147499122' />
    <nd ref='-2147499127' />
    <nd ref='-2147499216' />
    <nd ref='-2147500114' />
    <nd ref='-2147499128' />
    <nd ref='-2147499218' />
    <nd ref='-2147499217' />
    <nd ref='-2147499219' />
    <nd ref='-2147499308' />
    <nd ref='-2147499325' />
    <nd ref='-2147499632' />
    <nd ref='-2147499631' />
    <nd ref='-2147499324' />
    <nd ref='-2147499692' />
    <nd ref='-2147499647' />
    <nd ref='-2147499650' />
    <nd ref='-2147499649' />
    <nd ref='-2147499648' />
    <nd ref='-2147499311' />
    <nd ref='-2147499312' />
    <nd ref='-2147499313' />
    <nd ref='-2147499314' />
    <nd ref='-2147499315' />
    <nd ref='-2147499309' />
    <nd ref='-2147499285' />
    <nd ref='-2147499282' />
    <nd ref='-2147499284' />
    <nd ref='-2147499283' />
    <nd ref='-2147499281' />
    <nd ref='-2147499279' />
    <nd ref='-2147499280' />
    <nd ref='-2147499277' />
    <nd ref='-2147499278' />
    <nd ref='-2147499274' />
    <nd ref='-2147499183' />
    <nd ref='-2147499275' />
    <nd ref='-2147499276' />
    <nd ref='-2147499129' />
    <nd ref='-2147499234' />
    <nd ref='-2147499235' />
    <nd ref='-2147499236' />
    <nd ref='-2147499184' />
    <nd ref='-2147499123' />
    <nd ref='-2147499124' />
    <nd ref='-2147501697' />
    <nd ref='-2147499125' />
    <nd ref='-2147499345' />
    <nd ref='-2147499211' />
    <nd ref='-2147501723' />
    <nd ref='-2147501744' />
    <nd ref='-2147501772' />
    <nd ref='-2147501759' />
    <nd ref='-2147501724' />
    <tag k='altitude' v='100' />
  </way>
  <way id='-2147506175' action='modify' visible='true'>
    <nd ref='-2147499140' />
    <nd ref='-2147499391' />
    <nd ref='-2147499392' />
    <nd ref='-2147499141' />
    <nd ref='-2147499140' />
    <tag k='altitude_high' v='110' />
    <tag k='altitude_low' v='106' />
    <tag k='cell_size' v='2' />
  </way>
  <way id='-2147506176' action='modify' visible='true'>
    <nd ref='-2147499142' />
    <nd ref='-2147499143' />
    <nd ref='-2147499144' />
    <nd ref='-2147499145' />
    <nd ref='-2147499142' />
    <tag k='altitude_high' v='106' />
    <tag k='altitude_low' v='100' />
    <tag k='cell_size' v='2' />
    <tag k='profile' v='spline' />
  </way>
  <way id='-2147506177' action='modify' visible='true'>
    <nd ref='-2147499146' />
    <nd ref='-2147499185' />
    <nd ref='-2147499259' />
    <nd ref='-2147499552' />
    <nd ref='-2147499554' />
    <nd ref='-2147499555' />
    <nd ref='-2147499557' />
    <nd ref='-2147499558' />
    <nd ref='-2147499536' />
    <nd ref='-2147499537' />
    <nd ref='-2147499559' />
    <nd ref='-2147499556' />
    <nd ref='-2147499553' />
    <nd ref='-2147499551' />
    <nd ref='-2147499550' />
    <nd ref='-2147499260' />
    <nd ref='-2147499261' />
    <nd ref='-2147499147' />
    <nd ref='-2147499262' />
    <nd ref='-2147499263' />
    <nd ref='-2147499148' />
    <nd ref='-2147499560' />
    <nd ref='-2147499561' />
    <nd ref='-2147499562' />
    <nd ref='-2147499149' />
    <nd ref='-2147499264' />
    <nd ref='-2147499265' />
    <nd ref='-2147499266' />
    <nd ref='-2147499267' />
    <nd ref='-2147499150' />
    <nd ref='-2147499268' />
    <nd ref='-2147499270' />
    <nd ref='-2147499534' />
    <nd ref='-2147499269' />
    <nd ref='-2147499151' />
    <nd ref='-2147499152' />
    <nd ref='-2147499331' />
    <nd ref='-2147499330' />
    <nd ref='-2147499329' />
    <nd ref='-2147499153' />
    <nd ref='-2147499326' />
    <nd ref='-2147499327' />
    <nd ref='-2147499328' />
    <nd ref='-2147499154' />
    <nd ref='-2147499271' />
    <nd ref='-2147499155' />
    <nd ref='-2147499156' />
    <nd ref='-2147499159' />
    <nd ref='-2147499160' />
    <nd ref='-2147499273' />
    <nd ref='-2147499272' />
    <nd ref='-2147499157' />
    <nd ref='-2147499340' />
    <nd ref='-2147499338' />
    <nd ref='-2147499339' />
    <nd ref='-2147499337' />
    <nd ref='-2147499336' />
    <nd ref='-2147499335' />
    <nd ref='-2147499334' />
    <nd ref='-2147499333' />
    <nd ref='-2147499332' />
    <nd ref='-2147499341' />
    <nd ref='-2147499342' />
    <nd ref='-2147499343' />
    <nd ref='-2147499158' />
    <nd ref='-2147499344' />
    <nd ref='-2147499717' />
    <nd ref='-2147499146' />
    <tag k='altitude' v='100' />
  </way>
  <way id='-2147506178' action='modify' visible='true'>
    <nd ref='-2147499161' />
    <nd ref='-2147501388' />
    <nd ref='-2147501373' />
    <nd ref='-2147499162' />
    <nd ref='-2147499163' />
    <nd ref='-2147499164' />
    <nd ref='-2147499165' />
    <nd ref='-2147499166' />
    <nd ref='-2147499167' />
    <nd ref='-2147499168' />
    <nd ref='-2147499169' />
    <nd ref='-2147499170' />
    <nd ref='-2147499171' />
    <nd ref='-2147499172' />
    <nd ref='-2147500709' />
    <nd ref='-2147500718' />
    <nd ref='-2147500731' />
    <nd ref='-2147501565' />
    <nd ref='-2147501586' />
    <nd ref='-2147501147' />
    <nd ref='-2147501163' />
    <nd ref='-2147501290' />
    <nd ref='-2147501300' />
    <nd ref='-2147501332' />
    <nd ref='-2147501318' />
    <nd ref='-2147501261' />
    <nd ref='-2147501247' />
    <nd ref='-2147501224' />
    <nd ref='-2147501234' />
    <nd ref='-2147500752' />
    <nd ref='-2147499161' />
    <tag k='altitude' v='110' />
  </way>
  <way id='-2147506179' action='modify' visible='true'>
    <nd ref='-2147499181' />
    <nd ref='-2147499173' />
    <nd ref='-2147499174' />
    <nd ref='-2147499182' />
    <nd ref='-2147499181' />
    <tag k='altitude_high' v='106' />
    <tag k='altitude_low' v='100' />
    <tag k='cell_size' v='2' />
  </way>
  <way id='-2147506180' action='modify' visible='true'>
    <nd ref='-2147499145' />
    <nd ref='-2147499413' />
    <nd ref='-2147499416' />
    <nd ref='-2147499415' />
    <nd ref='-2147499414' />
    <nd ref='-2147499397' />
    <nd ref='-2147499398' />
    <nd ref='-2147499390' />
    <nd ref='-2147499396' />
    <nd ref='-2147499394' />
    <nd ref='-2147499181' />
    <nd ref='-2147499182' />
    <nd ref='-2147499393' />
    <nd ref='-2147499392' />
    <nd ref='-2147499391' />
    <nd ref='-2147499142' />
    <nd ref='-2147499145' />
    <tag k='altitude' v='106' />
  </way>
  <way id='-2147506181' action='modify' visible='true'>
    <nd ref='-2147499398' />
    <nd ref='-2147499345' />
    <nd ref='-2147499125' />
    <nd ref='-2147499390' />
    <nd ref='-2147499398' />
    <tag k='altitude_high' v='106' />
    <tag k='altitude_low' v='100' />
    <tag k='cell_size' v='2' />
  </way>
  <way id='-2147506182' action='modify' visible='true'>
    <nd ref='-2147499186' />
    <nd ref='-2147499187' />
    <nd ref='-2147499188' />
    <nd ref='-2147499189' />
    <nd ref='-2147499186' />
    <tag k='altitude_high' v='110' />
    <tag k='altitude_low' v='100' />
    <tag k='cell_size' v='2' />
  </way>
  <way id='-2147506183' action='modify' visible='true'>
    <nd ref='-2147499194' />
    <nd ref='-2147499393' />
    <nd ref='-2147499182' />
    <nd ref='-2147499195' />
    <nd ref='-2147499194' />
    <tag k='altitude_high' v='110' />
    <tag k='altitude_low' v='106' />
    <tag k='cell_size' v='2' />
  </way>
  <way id='-2147506184' action='modify' visible='true'>
    <nd ref='-2147499196' />
    <nd ref='-2147499197' />
    <nd ref='-2147499198' />
    <nd ref='-2147499346' />
    <nd ref='-2147499375' />
    <nd ref='-2147499369' />
    <nd ref='-2147499368' />
    <nd ref='-2147499199' />
    <nd ref='-2147499200' />
    <nd ref='-2147499201' />
    <nd ref='-2147499202' />
    <nd ref='-2147499349' />
    <nd ref='-2147499348' />
    <nd ref='-2147499347' />
    <nd ref='-2147499203' />
    <nd ref='-2147499204' />
    <nd ref='-2147499205' />
    <nd ref='-2147499196' />
    <tag k='altitude' v='73' />
  </way>
  <way id='-2147506185' action='modify' visible='true'>
    <nd ref='-2147499207' />
    <nd ref='-2147499208' />
    <nd ref='-2147499209' />
    <nd ref='-2147499210' />
    <nd ref='-2147499207' />
    <tag k='altitude' v='105' />
  </way>
  <way id='-2147506186' action='modify' visible='true'>
    <nd ref='-2147499212' />
    <nd ref='-2147501727' />
    <nd ref='-2147501725' />
    <nd ref='-2147499215' />
    <nd ref='-2147499212' />
    <tag k='altitude_high' v='103' />
    <tag k='altitude_low' v='100' />
    <tag k='cell_size' v='2' />
  </way>
  <way id='-2147506187' action='modify' visible='true'>
    <nd ref='-2147499220' />
    <nd ref='-2147499221' />
    <nd ref='-2147499222' />
    <nd ref='-2147499223' />
    <nd ref='-2147499224' />
    <nd ref='-2147499955' />
    <nd ref='-2147499940' />
    <nd ref='-2147499973' />
    <nd ref='-2147500030' />
    <nd ref='-2147500045' />
    <nd ref='-2147500071' />
    <nd ref='-2147500102' />
    <nd ref='-2147500087' />
    <nd ref='-2147500057' />
    <nd ref='-2147499998' />
    <nd ref='-2147499981' />
    <nd ref='-2147499225' />
    <nd ref='-2147499226' />
    <nd ref='-2147499227' />
    <nd ref='-2147499228' />
    <nd ref='-2147499229' />
    <nd ref='-2147499230' />
    <nd ref='-2147499231' />
    <nd ref='-2147499232' />
    <nd ref='-2147499233' />
    <nd ref='-2147499220' />
    <tag k='altitude' v='100' />
  </way>
  <way id='-2147506188' action='modify' visible='true'>
    <nd ref='-2147499251' />
    <nd ref='-2147499252' />
    <nd ref='-2147499253' />
    <nd ref='-2147499254' />
    <nd ref='-2147499251' />
    <tag k='altitude' v='98' />
  </way>
  <way id='-2147506189' action='modify' visible='true'>
    <nd ref='-2147499255' />
    <nd ref='-2147499256' />
    <nd ref='-2147499257' />
    <nd ref='-2147499258' />
    <nd ref='-2147499255' />
    <tag k='altitude' v='92' />
  </way>
  <way id='-2147506190' action='modify' visible='true'>
    <nd ref='-2147499286' />
    <nd ref='-2147499287' />
    <nd ref='-2147499288' />
    <nd ref='-2147499289' />
    <nd ref='-2147499290' />
    <nd ref='-2147499291' />
    <nd ref='-2147499292' />
    <nd ref='-2147499293' />
    <nd ref='-2147499294' />
    <nd ref='-2147499295' />
    <nd ref='-2147499296' />
    <nd ref='-2147499286' />
    <tag k='altitude' v='100' />
  </way>
  <way id='-2147506191' action='modify' visible='true'>
    <nd ref='-2147499297' />
    <nd ref='-2147499298' />
    <nd ref='-2147499299' />
    <nd ref='-2147499300' />
    <nd ref='-2147499297' />
    <tag k='altitude_high' v='100' />
    <tag k='altitude_low' v='94' />
    <tag k='cell_size' v='2' />
  </way>
  <way id='-2147506192' action='modify' visible='true'>
    <nd ref='-2147499301' />
    <nd ref='-2147499302' />
    <nd ref='-2147499303' />
    <nd ref='-2147499304' />
    <nd ref='-2147499305' />
    <nd ref='-2147499306' />
    <nd ref='-2147499307' />
    <nd ref='-2147499301' />
    <tag k='altitude' v='94' />
  </way>
  <way id='-2147506193' action='modify' visible='true'>
    <nd ref='-2147499314' />
    <nd ref='-2147499316' />
    <nd ref='-2147499317' />
    <nd ref='-2147499315' />
    <nd ref='-2147499314' />
    <tag k='altitude_high' v='100' />
    <tag k='altitude_low' v='98' />
    <tag k='cell_size' v='2' />
  </way>
  <way id='-2147506194' action='modify' visible='true'>
    <nd ref='-2147499316' />
    <nd ref='-2147499318' />
    <nd ref='-2147499319' />
    <nd ref='-2147499317' />
    <nd ref='-2147499316' />
    <tag k='altitude_high' v='98' />
    <tag k='altitude_low' v='97' />
    <tag k='cell_size' v='2' />
  </way>
  <way id='-2147506195' action='modify' visible='true'>
    <nd ref='-2147499318' />
    <nd ref='-2147499320' />
    <nd ref='-2147499321' />
    <nd ref='-2147499319' />
    <nd ref='-2147499318' />
    <tag k='altitude_high' v='97' />
    <tag k='altitude_low' v='96' />
    <tag k='cell_size' v='2' />
  </way>
  <way id='-2147506196' action='modify' visible='true'>
    <nd ref='-2147499320' />
    <nd ref='-2147499322' />
    <nd ref='-2147499323' />
    <nd ref='-2147499321' />
    <nd ref='-2147499320' />
    <tag k='altitude_high' v='96' />
    <tag k='altitude_low' v='95' />
    <tag k='cell_size' v='2' />
  </way>
  <way id='-2147506197' action='modify' visible='true'>
    <nd ref='-2147499322' />
    <nd ref='-2147499304' />
    <nd ref='-2147499305' />
    <nd ref='-2147499323' />
    <nd ref='-2147499322' />
    <tag k='altitude_high' v='95' />
    <tag k='altitude_low' v='94' />
    <tag k='cell_size' v='2' />
  </way>
  <way id='-2147506198' action='modify' visible='true'>
    <nd ref='-2147499351' />
    <nd ref='-2147499352' />
    <nd ref='-2147499435' />
    <nd ref='-2147499353' />
    <nd ref='-2147499354' />
    <nd ref='-2147499355' />
    <nd ref='-2147499356' />
    <nd ref='-2147499372' />
    <nd ref='-2147499373' />
    <nd ref='-2147499374' />
    <nd ref='-2147499371' />
    <nd ref='-2147499370' />
    <nd ref='-2147499357' />
    <nd ref='-2147499358' />
    <nd ref='-2147499359' />
    <nd ref='-2147499360' />
    <nd ref='-2147499361' />
    <nd ref='-2147499362' />
    <nd ref='-2147499363' />
    <nd ref='-2147499364' />
    <nd ref='-2147499365' />
    <nd ref='-2147499430' />
    <nd ref='-2147499433' />
    <nd ref='-2147499432' />
    <nd ref='-2147499431' />
    <nd ref='-2147499366' />
    <nd ref='-2147499367' />
    <nd ref='-2147499351' />
    <tag k='altitude' v='94' />
  </way>
  <way id='-2147506200' action='modify' visible='true'>
    <nd ref='-2147499396' />
    <nd ref='-2147499399' />
    <nd ref='-2147499400' />
    <nd ref='-2147499394' />
    <nd ref='-2147499396' />
    <tag k='altitude_high' v='106' />
    <tag k='altitude_low' v='103' />
    <tag k='cell_size' v='2' />
  </way>
  <way id='-2147506201' action='modify' visible='true'>
    <nd ref='-2147499401' />
    <nd ref='-2147499402' />
    <nd ref='-2147499403' />
    <nd ref='-2147499404' />
    <nd ref='-2147499401' />
    <tag k='altitude_high' v='105' />
    <tag k='altitude_low' v='104' />
    <tag k='cell_size' v='2' />
  </way>
  <way id='-2147506202' action='modify' visible='true'>
    <nd ref='-2147499402' />
    <nd ref='-2147499405' />
    <nd ref='-2147499406' />
    <nd ref='-2147499403' />
    <nd ref='-2147499402' />
    <tag k='altitude_high' v='104' />
    <tag k='altitude_low' v='103' />
    <tag k='cell_size' v='2' />
  </way>
  <way id='-2147506203' action='modify' visible='true'>
    <nd ref='-2147499405' />
    <nd ref='-2147499407' />
    <nd ref='-2147499400' />
    <nd ref='-2147499399' />
    <nd ref='-2147499408' />
    <nd ref='-2147499409' />
    <nd ref='-2147499410' />
    <nd ref='-2147499411' />
    <nd ref='-2147499412' />
    <nd ref='-2147499406' />
    <nd ref='-2147499405' />
    <tag k='altitude' v='103' />
  </way>
  <way id='-2147506204' action='modify' visible='true'>
    <nd ref='-2147499422' />
    <nd ref='-2147499421' />
    <nd ref='-2147499417' />
    <nd ref='-2147499423' />
    <nd ref='-2147499422' />
    <tag k='altitude_high' v='104' />
    <tag k='altitude_low' v='100' />
    <tag k='cell_size' v='2' />
  </way>
  <way id='-2147506205' action='modify' visible='true'>
    <nd ref='-2147499424' />
    <nd ref='-2147499417' />
    <nd ref='-2147499420' />
    <nd ref='-2147499425' />
    <nd ref='-2147499424' />
    <tag k='altitude_high' v='105' />
    <tag k='altitude_low' v='100' />
    <tag k='cell_size' v='2' />
  </way>
  <way id='-2147506206' action='modify' visible='true'>
    <nd ref='-2147499413' />
    <nd ref='-2147499418' />
    <nd ref='-2147499419' />
    <nd ref='-2147499416' />
    <nd ref='-2147499413' />
    <tag k='altitude_high' v='106' />
    <tag k='altitude_low' v='102' />
    <tag k='cell_size' v='2' />
  </way>
  <way id='-2147506207' action='modify' visible='true'>
    <nd ref='-2147499445' />
    <nd ref='-2147499446' />
    <nd ref='-2147499447' />
    <nd ref='-2147499448' />
    <nd ref='-2147499449' />
    <nd ref='-2147499450' />
    <nd ref='-2147499451' />
    <nd ref='-2147499452' />
    <nd ref='-2147499445' />
    <tag k='altitude' v='96' />
  </way>
  <way id='-2147506208' action='modify' visible='true'>
    <nd ref='-2147499453' />
    <nd ref='-2147499449' />
    <nd ref='-2147499448' />
    <nd ref='-2147499454' />
    <nd ref='-2147499453' />
    <tag k='altitude_high' v='100' />
    <tag k='altitude_low' v='96' />
    <tag k='cell_size' v='2' />
  </way>
  <way id='-2147506209' action='modify' visible='true'>
    <nd ref='-2147499464' />
    <nd ref='-2147499465' />
    <nd ref='-2147499466' />
    <nd ref='-2147499467' />
    <nd ref='-2147499471' />
    <nd ref='-2147499472' />
    <nd ref='-2147499475' />
    <nd ref='-2147499476' />
    <nd ref='-2147499479' />
    <nd ref='-2147499481' />
    <nd ref='-2147499480' />
    <nd ref='-2147499478' />
    <nd ref='-2147499477' />
    <nd ref='-2147499474' />
    <nd ref='-2147499473' />
    <nd ref='-2147499470' />
    <nd ref='-2147499468' />
    <nd ref='-2147499469' />
    <nd ref='-2147499464' />
    <tag k='altitude' v='96' />
  </way>
  <way id='-2147506210' action='modify' visible='true'>
    <nd ref='-2147499482' />
    <nd ref='-2147499483' />
    <nd ref='-2147499484' />
    <nd ref='-2147499485' />
    <nd ref='-2147499486' />
    <nd ref='-2147499487' />
    <nd ref='-2147499488' />
    <nd ref='-2147499489' />
    <nd ref='-2147499490' />
    <nd ref='-2147499491' />
    <nd ref='-2147499492' />
    <nd ref='-2147499493' />
    <nd ref='-2147499494' />
    <nd ref='-2147499495' />
    <nd ref='-2147499496' />
    <nd ref='-2147499497' />
    <nd ref='-2147499498' />
    <nd ref='-2147499499' />
    <nd ref='-2147499500' />
    <nd ref='-2147499501' />
    <nd ref='-2147499502' />
    <nd ref='-2147499503' />
    <nd ref='-2147499504' />
    <nd ref='-2147499505' />
    <nd ref='-2147499506' />
    <nd ref='-2147499507' />
    <nd ref='-2147499508' />
    <nd ref='-2147499509' />
    <nd ref='-2147499510' />
    <nd ref='-2147499511' />
    <nd ref='-2147499512' />
    <nd ref='-2147499513' />
    <nd ref='-2147499514' />
    <nd ref='-2147499533' />
    <nd ref='-2147499515' />
    <nd ref='-2147499516' />
    <nd ref='-2147499517' />
    <nd ref='-2147499518' />
    <nd ref='-2147499519' />
    <nd ref='-2147499520' />
    <nd ref='-2147499521' />
    <nd ref='-2147499522' />
    <nd ref='-2147499523' />
    <nd ref='-2147499524' />
    <nd ref='-2147499525' />
    <nd ref='-2147499526' />
    <nd ref='-2147499527' />
    <nd ref='-2147499528' />
    <nd ref='-2147499529' />
    <nd ref='-2147499530' />
    <nd ref='-2147499531' />
    <nd ref='-2147499532' />
    <nd ref='-2147499482' />
    <tag k='altitude' v='107' />
  </way>
  <way id='-2147506211' action='modify' visible='true'>
    <nd ref='-2147499535' />
    <nd ref='-2147499536' />
    <nd ref='-2147499537' />
    <nd ref='-2147499538' />
    <nd ref='-2147499535' />
    <tag k='altitude_high' v='104' />
    <tag k='altitude_low' v='100' />
    <tag k='cell_size' v='2' />
  </way>
  <way id='-2147506212' action='modify' visible='true'>
    <nd ref='-2147499539' />
    <nd ref='-2147499540' />
    <nd ref='-2147499541' />
    <nd ref='-2147499585' />
    <nd ref='-2147499583' />
    <nd ref='-2147499584' />
    <nd ref='-2147499586' />
    <nd ref='-2147499542' />
    <nd ref='-2147499543' />
    <nd ref='-2147499544' />
    <nd ref='-2147499546' />
    <nd ref='-2147499547' />
    <nd ref='-2147499548' />
    <nd ref='-2147499549' />
    <nd ref='-2147499539' />
    <tag k='altitude' v='108' />
  </way>
  <way id='-2147506213' action='modify' visible='true'>
    <nd ref='-2147499522' />
    <nd ref='-2147499561' />
    <nd ref='-2147499562' />
    <nd ref='-2147499521' />
    <nd ref='-2147499522' />
    <tag k='altitude_high' v='107' />
    <tag k='altitude_low' v='100' />
    <tag k='cell_size' v='2' />
  </way>
  <way id='-2147506214' action='modify' visible='true'>
    <nd ref='-2147499486' />
    <nd ref='-2147499563' />
    <nd ref='-2147499564' />
    <nd ref='-2147499485' />
    <nd ref='-2147499486' />
    <tag k='altitude_high' v='107' />
    <tag k='altitude_low' v='105' />
    <tag k='cell_size' v='2' />
  </way>
  <way id='-2147506215' action='modify' visible='true'>
    <nd ref='-2147499563' />
    <nd ref='-2147499565' />
    <nd ref='-2147499538' />
    <nd ref='-2147499564' />
    <nd ref='-2147499563' />
    <tag k='altitude_high' v='105' />
    <tag k='altitude_low' v='104' />
    <tag k='cell_size' v='2' />
  </way>
  <way id='-2147506216' action='modify' visible='true'>
    <nd ref='-2147499566' />
    <nd ref='-2147499567' />
    <nd ref='-2147499568' />
    <nd ref='-2147499569' />
    <nd ref='-2147499566' />
    <tag k='altitude_high' v='109' />
    <tag k='altitude_low' v='104' />
    <tag k='cell_size' v='2' />
  </way>
  <way id='-2147506217' action='modify' visible='true'>
    <nd ref='-2147499567' />
    <nd ref='-2147499570' />
    <nd ref='-2147499571' />
    <nd ref='-2147499572' />
    <nd ref='-2147499573' />
    <nd ref='-2147499574' />
    <nd ref='-2147499575' />
    <nd ref='-2147499582' />
    <nd ref='-2147499581' />
    <nd ref='-2147499535' />
    <nd ref='-2147499538' />
    <nd ref='-2147499565' />
    <nd ref='-2147499576' />
    <nd ref='-2147499577' />
    <nd ref='-2147499578' />
    <nd ref='-2147499579' />
    <nd ref='-2147499580' />
    <nd ref='-2147499568' />
    <nd ref='-2147499567' />
    <tag k='altitude' v='104' />
  </way>
  <way id='-2147506218' action='modify' visible='true'>
    <nd ref='-2147499583' />
    <nd ref='-2147499581' />
    <nd ref='-2147499582' />
    <nd ref='-2147499584' />
    <nd ref='-2147499583' />
    <tag k='altitude_high' v='108' />
    <tag k='altitude_low' v='104' />
    <tag k='cell_size' v='2' />
  </way>
  <way id='-2147506219' action='modify' visible='true'>
    <nd ref='-2147499587' />
    <nd ref='-2147499588' />
    <nd ref='-2147499589' />
    <nd ref='-2147499590' />
    <nd ref='-2147499591' />
    <nd ref='-2147499599' />
    <nd ref='-2147499601' />
    <nd ref='-2147499603' />
    <nd ref='-2147499604' />
    <nd ref='-2147499611' />
    <nd ref='-2147499610' />
    <nd ref='-2147499606' />
    <nd ref='-2147499607' />
    <nd ref='-2147499608' />
    <nd ref='-2147499605' />
    <nd ref='-2147499609' />
    <nd ref='-2147499602' />
    <nd ref='-2147499600' />
    <nd ref='-2147499592' />
    <nd ref='-2147499593' />
    <nd ref='-2147499594' />
    <nd ref='-2147499595' />
    <nd ref='-2147499596' />
    <nd ref='-2147499597' />
    <nd ref='-2147499598' />
    <nd ref='-2147499587' />
    <tag k='altitude' v='122' />
  </way>
  <way id='-2147506220' action='modify' visible='true'>
    <nd ref='-2147499566' />
    <nd ref='-2147499612' />
    <nd ref='-2147499613' />
    <nd ref='-2147499614' />
    <nd ref='-2147499615' />
    <nd ref='-2147499616' />
    <nd ref='-2147499617' />
    <nd ref='-2147499618' />
    <nd ref='-2147499619' />
    <nd ref='-2147499620' />
    <nd ref='-2147499621' />
    <nd ref='-2147499622' />
    <nd ref='-2147499623' />
    <nd ref='-2147499624' />
    <nd ref='-2147499569' />
    <nd ref='-2147499566' />
    <tag k='altitude' v='109' />
  </way>
  <way id='-2147506221' action='modify' visible='true'>
    <nd ref='-2147499625' />
    <nd ref='-2147499616' />
    <nd ref='-2147499617' />
    <nd ref='-2147499626' />
    <nd ref='-2147499625' />
    <tag k='altitude_high' v='111' />
    <tag k='altitude_low' v='109' />
    <tag k='cell_size' v='2' />
  </way>
  <way id='-2147506222' action='modify' visible='true'>
    <nd ref='-2147499627' />
    <nd ref='-2147499625' />
    <nd ref='-2147499626' />
    <nd ref='-2147499628' />
    <nd ref='-2147499627' />
    <tag k='altitude_high' v='115' />
    <tag k='altitude_low' v='111' />
    <tag k='cell_size' v='2' />
  </way>
  <way id='-2147506223' action='modify' visible='true'>
    <nd ref='-2147499629' />
    <nd ref='-2147499627' />
    <nd ref='-2147499628' />
    <nd ref='-2147499630' />
    <nd ref='-2147499629' />
    <tag k='altitude_high' v='120' />
    <tag k='altitude_low' v='115' />
    <tag k='cell_size' v='2' />
  </way>
  <way id='-2147506224' action='modify' visible='true'>
    <nd ref='-2147499632' />
    <nd ref='-2147499633' />
    <nd ref='-2147499634' />
    <nd ref='-2147499631' />
    <nd ref='-2147499632' />
    <tag k='altitude_high' v='100' />
    <tag k='altitude_low' v='98' />
    <tag k='cell_size' v='2' />
  </way>
  <way id='-2147506225' action='modify' visible='true'>
    <nd ref='-2147499633' />
    <nd ref='-2147499635' />
    <nd ref='-2147499636' />
    <nd ref='-2147499637' />
    <nd ref='-2147499638' />
    <nd ref='-2147499639' />
    <nd ref='-2147499640' />
    <nd ref='-2147499641' />
    <nd ref='-2147499642' />
    <nd ref='-2147499643' />
    <nd ref='-2147499644' />
    <nd ref='-2147499634' />
    <nd ref='-2147499633' />
    <tag k='altitude' v='98' />
  </way>
  <way id='-2147506226' action='modify' visible='true'>
    <nd ref='-2147499691' />
    <nd ref='-2147499645' />
    <nd ref='-2147499646' />
    <nd ref='-2147499310' />
    <nd ref='-2147499691' />
    <tag k='altitude_high' v='95' />
    <tag k='altitude_low' v='90' />
    <tag k='cell_size' v='2' />
  </way>
  <way id='-2147506227' action='modify' visible='true'>
    <nd ref='-2147499650' />
    <nd ref='-2147499651' />
    <nd ref='-2147499652' />
    <nd ref='-2147499649' />
    <nd ref='-2147499650' />
    <tag k='altitude_high' v='100' />
    <tag k='altitude_low' v='95' />
    <tag k='cell_size' v='2' />
  </way>
  <way id='-2147506228' action='modify' visible='true'>
    <nd ref='-2147499651' />
    <nd ref='-2147499653' />
    <nd ref='-2147499654' />
    <nd ref='-2147499652' />
    <nd ref='-2147499651' />
    <tag k='altitude_high' v='95' />
    <tag k='altitude_low' v='92' />
    <tag k='cell_size' v='2' />
  </way>
  <way id='-2147506229' action='modify' visible='true'>
    <nd ref='-2147499653' />
    <nd ref='-2147499655' />
    <nd ref='-2147499656' />
    <nd ref='-2147499654' />
    <nd ref='-2147499653' />
    <tag k='altitude_high' v='92' />
    <tag k='altitude_low' v='90' />
    <tag k='cell_size' v='2' />
  </way>
  <way id='-2147506230' action='modify' visible='true'>
    <nd ref='-2147499655' />
    <nd ref='-2147499657' />
    <nd ref='-2147499658' />
    <nd ref='-2147499656' />
    <nd ref='-2147499655' />
    <tag k='altitude_high' v='90' />
    <tag k='altitude_low' v='88' />
    <tag k='cell_size' v='2' />
  </way>
  <way id='-2147506231' action='modify' visible='true'>
    <nd ref='-2147499657' />
    <nd ref='-2147499659' />
    <nd ref='-2147499660' />
    <nd ref='-2147499658' />
    <nd ref='-2147499657' />
    <tag k='altitude_high' v='88' />
    <tag k='altitude_low' v='86' />
    <tag k='cell_size' v='2' />
  </way>
  <way id='-2147506232' action='modify' visible='true'>
    <nd ref='-2147499659' />
    <nd ref='-2147499661' />
    <nd ref='-2147499662' />
    <nd ref='-2147499663' />
    <nd ref='-2147499664' />
    <nd ref='-2147499665' />
    <nd ref='-2147499666' />
    <nd ref='-2147499660' />
    <nd ref='-2147499659' />
    <tag k='altitude' v='86' />
  </way>
  <way id='-2147506233' action='modify' visible='true'>
    <nd ref='-2147499667' />
    <nd ref='-2147499663' />
    <nd ref='-2147499662' />
    <nd ref='-2147499668' />
    <nd ref='-2147499667' />
    <tag k='altitude_high' v='88' />
    <tag k='altitude_low' v='86' />
    <tag k='cell_size' v='2' />
  </way>
  <way id='-2147506234' action='modify' visible='true'>
    <nd ref='-2147499669' />
    <nd ref='-2147499667' />
    <nd ref='-2147499668' />
    <nd ref='-2147499670' />
    <nd ref='-2147499669' />
    <tag k='altitude_high' v='90' />
    <tag k='altitude_low' v='88' />
    <tag k='cell_size' v='2' />
  </way>
  <way id='-2147506235' action='modify' visible='true'>
    <nd ref='-2147499646' />
    <nd ref='-2147499671' />
    <nd ref='-2147499670' />
    <nd ref='-2147499669' />
    <nd ref='-2147499672' />
    <nd ref='-2147499673' />
    <nd ref='-2147499674' />
    <nd ref='-2147499675' />
    <nd ref='-2147499676' />
    <nd ref='-2147499677' />
    <nd ref='-2147499678' />
    <nd ref='-2147499679' />
    <nd ref='-2147499680' />
    <nd ref='-2147499645' />
    <nd ref='-2147499646' />
    <tag k='altitude' v='90' />
  </way>
  <way id='-2147506236' action='modify' visible='true'>
    <nd ref='-2147499681' />
    <nd ref='-2147499682' />
    <nd ref='-2147499683' />
    <nd ref='-2147499684' />
    <nd ref='-2147499685' />
    <nd ref='-2147499686' />
    <nd ref='-2147499687' />
    <nd ref='-2147499688' />
    <nd ref='-2147499689' />
    <nd ref='-2147499690' />
    <nd ref='-2147499681' />
    <tag k='altitude' v='95' />
  </way>
  <way id='-2147506237' action='modify' visible='true'>
    <nd ref='-2147499692' />
    <nd ref='-2147499693' />
    <nd ref='-2147499694' />
    <nd ref='-2147499647' />
    <nd ref='-2147499692' />
    <tag k='altitude_high' v='100' />
    <tag k='altitude_low' v='95' />
    <tag k='cell_size' v='2' />
  </way>
  <way id='-2147506238' action='modify' visible='true'>
    <nd ref='-2147499694' />
    <nd ref='-2147499695' />
    <nd ref='-2147499696' />
    <nd ref='-2147499697' />
    <nd ref='-2147499698' />
    <nd ref='-2147499699' />
    <nd ref='-2147499700' />
    <nd ref='-2147499701' />
    <nd ref='-2147499310' />
    <nd ref='-2147499691' />
    <nd ref='-2147499693' />
    <nd ref='-2147499694' />
    <tag k='altitude' v='95' />
  </way>
  <way id='-2147506239' action='modify' visible='true'>
    <nd ref='-2147499702' />
    <nd ref='-2147499703' />
    <nd ref='-2147499704' />
    <nd ref='-2147499069' />
    <nd ref='-2147499702' />
    <tag k='altitude_high' v='100' />
    <tag k='altitude_low' v='90' />
    <tag k='cell_size' v='2' />
  </way>
  <way id='-2147506240' action='modify' visible='true'>
    <nd ref='-2147499705' />
    <nd ref='-2147499706' />
    <nd ref='-2147499707' />
    <nd ref='-2147499708' />
    <nd ref='-2147499709' />
    <nd ref='-2147499710' />
    <nd ref='-2147499705' />
    <tag k='altitude' v='96' />
  </way>
  <way id='-2147506241' action='modify' visible='true'>
    <nd ref='-2147499711' />
    <nd ref='-2147499709' />
    <nd ref='-2147499708' />
    <nd ref='-2147499712' />
    <nd ref='-2147499711' />
    <tag k='altitude_high' v='100' />
    <tag k='altitude_low' v='96' />
    <tag k='cell_size' v='2' />
  </way>
  <way id='-2147506242' action='modify' visible='true'>
    <nd ref='-2147499713' />
    <nd ref='-2147499714' />
    <nd ref='-2147499715' />
    <nd ref='-2147499716' />
    <nd ref='-2147499713' />
    <tag k='altitude_high' v='100' />
    <tag k='altitude_low' v='90' />
    <tag k='cell_size' v='2' />
  </way>
  <way id='-2147506243' action='modify' visible='true'>
    <nd ref='-2147499718' />
    <nd ref='-2147499146' />
    <nd ref='-2147499185' />
    <nd ref='-2147499719' />
    <nd ref='-2147499718' />
    <tag k='altitude_high' v='102' />
    <tag k='altitude_low' v='100' />
    <tag k='cell_size' v='2' />
  </way>
  <way id='-2147506315' action='modify' visible='true'>
    <nd ref='-2147499792' />
    <nd ref='-2147499793' />
    <nd ref='-2147499794' />
    <nd ref='-2147499795' />
    <nd ref='-2147499796' />
    <nd ref='-2147499797' />
    <nd ref='-2147499798' />
    <nd ref='-2147499799' />
    <nd ref='-2147499800' />
    <nd ref='-2147499801' />
    <nd ref='-2147499802' />
    <nd ref='-2147499803' />
    <nd ref='-2147499792' />
    <tag k='altitude' v='106' />
  </way>
  <way id='-2147506340' action='modify' visible='true'>
    <nd ref='-2147499805' />
    <nd ref='-2147499806' />
    <nd ref='-2147499807' />
    <nd ref='-2147499808' />
    <nd ref='-2147499809' />
    <nd ref='-2147499810' />
    <nd ref='-2147499811' />
    <nd ref='-2147499812' />
    <nd ref='-2147499813' />
    <nd ref='-2147499814' />
    <nd ref='-2147499815' />
    <nd ref='-2147499816' />
    <nd ref='-2147499817' />
    <nd ref='-2147499818' />
    <nd ref='-2147499819' />
    <nd ref='-2147499820' />
    <nd ref='-2147499821' />
    <nd ref='-2147499822' />
    <nd ref='-2147499823' />
    <nd ref='-2147499824' />
    <nd ref='-2147499825' />
    <nd ref='-2147499826' />
    <nd ref='-2147499827' />
    <nd ref='-2147499828' />
    <nd ref='-2147499829' />
    <nd ref='-2147499830' />
    <nd ref='-2147499831' />
    <nd ref='-2147499805' />
    <tag k='altitude' v='106' />
  </way>
  <way id='-2147506380' action='modify' visible='true'>
    <nd ref='-2147499842' />
    <nd ref='-2147499843' />
    <nd ref='-2147499844' />
    <nd ref='-2147499845' />
    <nd ref='-2147499846' />
    <nd ref='-2147499847' />
    <nd ref='-2147499848' />
    <nd ref='-2147499849' />
    <nd ref='-2147499850' />
    <nd ref='-2147499842' />
    <tag k='altitude' v='106' />
  </way>
  <way id='-2147506422' action='modify' visible='true'>
    <nd ref='-2147499875' />
    <nd ref='-2147499876' />
    <nd ref='-2147499877' />
    <nd ref='-2147499878' />
    <nd ref='-2147499879' />
    <nd ref='-2147499882' />
    <nd ref='-2147499883' />
    <nd ref='-2147499875' />
    <tag k='altitude' v='103' />
  </way>
  <way id='-2147506442' action='modify' visible='true'>
    <nd ref='-2147499885' />
    <nd ref='-2147499886' />
    <nd ref='-2147499887' />
    <nd ref='-2147499888' />
    <nd ref='-2147499889' />
    <nd ref='-2147499890' />
    <nd ref='-2147499891' />
    <nd ref='-2147499892' />
    <nd ref='-2147499893' />
    <nd ref='-2147499894' />
    <nd ref='-2147499895' />
    <nd ref='-2147499896' />
    <nd ref='-2147499885' />
    <tag k='altitude' v='106' />
  </way>
  <way id='-2147506465' action='modify' visible='true'>
    <nd ref='-2147499898' />
    <nd ref='-2147499899' />
    <nd ref='-2147499900' />
    <nd ref='-2147499901' />
    <nd ref='-2147499902' />
    <nd ref='-2147499903' />
    <nd ref='-2147499904' />
    <nd ref='-2147499905' />
    <nd ref='-2147499906' />
    <nd ref='-2147499907' />
    <nd ref='-2147499908' />
    <nd ref='-2147499909' />
    <nd ref='-2147499910' />
    <nd ref='-2147499911' />
    <nd ref='-2147499912' />
    <nd ref='-2147499913' />
    <nd ref='-2147499914' />
    <nd ref='-2147499898' />
    <tag k='altitude' v='105' />
  </way>
  <way id='-2147506673' action='modify' visible='true'>
    <nd ref='-2147499907' />
    <nd ref='-2147500102' />
    <nd ref='-2147500087' />
    <nd ref='-2147499908' />
    <nd ref='-2147499907' />
    <tag k='altitude_high' v='105' />
    <tag k='altitude_low' v='100' />
    <tag k='cell_size' v='2' />
  </way>
  <way id='-2147506724' action='modify' visible='true'>
    <nd ref='-2147499910' />
    <nd ref='-2147499128' />
    <nd ref='-2147500114' />
    <nd ref='-2147499911' />
    <nd ref='-2147499910' />
    <tag k='altitude_high' v='105' />
    <tag k='altitude_low' v='100' />
    <tag k='cell_size' v='2' />
  </way>
  <way id='-2147506749' action='modify' visible='true'>
    <nd ref='-2147499902' />
    <nd ref='-2147500116' />
    <nd ref='-2147500117' />
    <nd ref='-2147499903' />
    <nd ref='-2147499902' />
    <tag k='altitude_high' v='105' />
    <tag k='altitude_low' v='100' />
    <tag k='cell_size' v='2' />
  </way>
  <way id='-2147506774' action='modify' visible='true'>
    <nd ref='-2147499914' />
    <nd ref='-2147500118' />
    <nd ref='-2147500119' />
    <nd ref='-2147499898' />
    <nd ref='-2147499914' />
    <tag k='altitude_high' v='105' />
    <tag k='altitude_low' v='103' />
    <tag k='cell_size' v='2' />
  </way>
  <way id='-2147506803' action='modify' visible='true'>
    <nd ref='-2147500118' />
    <nd ref='-2147500122' />
    <nd ref='-2147500123' />
    <nd ref='-2147500119' />
    <nd ref='-2147500118' />
    <tag k='altitude_high' v='103' />
    <tag k='altitude_low' v='102' />
    <tag k='cell_size' v='2' />
  </way>
  <way id='-2147506836' action='modify' visible='true'>
    <nd ref='-2147500122' />
    <nd ref='-2147500124' />
    <nd ref='-2147500125' />
    <nd ref='-2147500123' />
    <nd ref='-2147500122' />
    <tag k='altitude_high' v='102' />
    <tag k='altitude_low' v='100' />
    <tag k='cell_size' v='2' />
  </way>
  <way id='-2147507132' action='modify' visible='true'>
    <nd ref='-2147499842' />
    <nd ref='-2147499879' />
    <nd ref='-2147499882' />
    <nd ref='-2147499850' />
    <nd ref='-2147499842' />
    <tag k='altitude_high' v='106' />
    <tag k='altitude_low' v='103' />
    <tag k='cell_size' v='2' />
    <tag k='profile' v='spline' />
  </way>
  <way id='-2147507162' action='modify' visible='true'>
    <nd ref='-2147500349' />
    <nd ref='-2147500350' />
    <nd ref='-2147500351' />
    <nd ref='-2147500352' />
    <nd ref='-2147500353' />
    <nd ref='-2147500354' />
    <nd ref='-2147500355' />
    <nd ref='-2147500356' />
    <nd ref='-2147500357' />
    <nd ref='-2147500358' />
    <nd ref='-2147500359' />
    <nd ref='-2147500360' />
    <nd ref='-2147500361' />
    <nd ref='-2147500362' />
    <nd ref='-2147500363' />
    <nd ref='-2147500364' />
    <nd ref='-2147500841' />
    <nd ref='-2147500892' />
    <nd ref='-2147500905' />
    <nd ref='-2147500953' />
    <nd ref='-2147500969' />
    <nd ref='-2147500812' />
    <nd ref='-2147500811' />
    <nd ref='-2147500983' />
    <nd ref='-2147500936' />
    <nd ref='-2147500873' />
    <nd ref='-2147500365' />
    <nd ref='-2147500366' />
    <nd ref='-2147500367' />
    <nd ref='-2147500368' />
    <nd ref='-2147500369' />
    <nd ref='-2147500370' />
    <nd ref='-2147500371' />
    <nd ref='-2147500372' />
    <nd ref='-2147500349' />
    <tag k='altitude' v='90' />
  </way>
  <way id='-2147507459' action='modify' visible='true'>
    <nd ref='-2147500638' />
    <nd ref='-2147500369' />
    <nd ref='-2147500368' />
    <nd ref='-2147500639' />
    <nd ref='-2147500638' />
    <tag k='altitude_high' v='93' />
    <tag k='altitude_low' v='90' />
    <tag k='cell_size' v='2' />
  </way>
  <way id='-2147507606' action='modify' visible='true'>
    <nd ref='-2147500752' />
    <nd ref='-2147500372' />
    <nd ref='-2147500371' />
    <nd ref='-2147499161' />
    <nd ref='-2147500752' />
    <tag k='altitude_high' v='110' />
    <tag k='altitude_low' v='90' />
    <tag k='cell_size' v='2' />
  </way>
  <way id='-2147507635' action='modify' visible='true'>
    <nd ref='-2147500791' />
    <nd ref='-2147500792' />
    <nd ref='-2147500793' />
    <nd ref='-2147500794' />
    <nd ref='-2147500791' />
    <tag k='altitude' v='93' />
  </way>
  <way id='-2147507653' action='modify' visible='true'>
    <nd ref='-2147500799' />
    <nd ref='-2147500800' />
    <nd ref='-2147500801' />
    <nd ref='-2147500802' />
    <nd ref='-2147500799' />
    <tag k='altitude' v='93' />
  </way>
  <way id='-2147507655' action='modify' visible='true'>
    <nd ref='-2147499639' />
    <nd ref='-2147500804' />
    <nd ref='-2147500805' />
    <nd ref='-2147499640' />
    <nd ref='-2147499639' />
    <tag k='altitude_high' v='98' />
    <tag k='altitude_low' v='94' />
    <tag k='cell_size' v='2' />
  </way>
  <way id='-2147507697' action='modify' visible='true'>
    <nd ref='-2147500810' />
    <nd ref='-2147500811' />
    <nd ref='-2147500812' />
    <nd ref='-2147500813' />
    <nd ref='-2147500810' />
    <tag k='altitude_high' v='94' />
    <tag k='altitude_low' v='90' />
    <tag k='cell_size' v='2' />
  </way>
  <way id='-2147507921' action='modify' visible='true'>
    <nd ref='-2147501036' />
    <nd ref='-2147500794' />
    <nd ref='-2147500793' />
    <nd ref='-2147501039' />
    <nd ref='-2147501036' />
    <tag k='altitude_high' v='94' />
    <tag k='altitude_low' v='93' />
    <tag k='cell_size' v='2' />
  </way>
  <way id='-2147507944' action='modify' visible='true'>
    <nd ref='-2147501063' />
    <nd ref='-2147500638' />
    <nd ref='-2147500639' />
    <nd ref='-2147501066' />
    <nd ref='-2147501063' />
    <tag k='altitude_high' v='96' />
    <tag k='altitude_low' v='93' />
    <tag k='cell_size' v='2' />
  </way>
  <way id='-2147507953' action='modify' visible='true'>
    <nd ref='-2147501074' />
    <nd ref='-2147501063' />
    <nd ref='-2147501066' />
    <nd ref='-2147501077' />
    <nd ref='-2147501074' />
    <tag k='altitude_high' v='100' />
    <tag k='altitude_low' v='96' />
    <tag k='cell_size' v='2' />
  </way>
  <way id='-2147507968' action='modify' visible='true'>
    <nd ref='-2147499719' />
    <nd ref='-2147501074' />
    <nd ref='-2147501077' />
    <nd ref='-2147499718' />
    <nd ref='-2147499719' />
    <tag k='altitude_high' v='102' />
    <tag k='altitude_low' v='100' />
    <tag k='cell_size' v='2' />
  </way>
  <way id='-2147507995' action='modify' visible='true'>
    <nd ref='-2147501117' />
    <nd ref='-2147501118' />
    <nd ref='-2147501119' />
    <nd ref='-2147501120' />
    <nd ref='-2147501121' />
    <nd ref='-2147501122' />
    <nd ref='-2147501123' />
    <nd ref='-2147501124' />
    <nd ref='-2147501125' />
    <nd ref='-2147501126' />
    <nd ref='-2147501127' />
    <nd ref='-2147501128' />
    <nd ref='-2147501129' />
    <nd ref='-2147501130' />
    <nd ref='-2147501131' />
    <nd ref='-2147501132' />
    <nd ref='-2147501133' />
    <nd ref='-2147501134' />
    <nd ref='-2147501135' />
    <nd ref='-2147501117' />
    <tag k='altitude' v='104' />
  </way>
  <way id='-2147508282' action='modify' visible='true'>
    <nd ref='-2147501388' />
    <nd ref='-2147499544' />
    <nd ref='-2147499543' />
    <nd ref='-2147501373' />
    <nd ref='-2147501388' />
    <tag k='altitude_high' v='110' />
    <tag k='altitude_low' v='108' />
    <tag k='cell_size' v='2' />
  </way>
  <way id='-2147508373' action='modify' visible='true'>
    <nd ref='-2147501439' />
    <nd ref='-2147501440' />
    <nd ref='-2147501441' />
    <nd ref='-2147501442' />
    <nd ref='-2147501443' />
    <nd ref='-2147501444' />
    <nd ref='-2147501445' />
    <nd ref='-2147501446' />
    <nd ref='-2147501447' />
    <nd ref='-2147501448' />
    <nd ref='-2147501449' />
    <nd ref='-2147501450' />
    <nd ref='-2147501451' />
    <nd ref='-2147501452' />
    <nd ref='-2147501453' />
    <nd ref='-2147501454' />
    <nd ref='-2147501455' />
    <nd ref='-2147501456' />
    <nd ref='-2147501457' />
    <nd ref='-2147501458' />
    <nd ref='-2147501439' />
    <tag k='altitude' v='94' />
  </way>
  <way id='-2147508411' action='modify' visible='true'>
    <nd ref='-2147501463' />
    <nd ref='-2147501458' />
    <nd ref='-2147501439' />
    <nd ref='-2147501466' />
    <nd ref='-2147501463' />
    <tag k='altitude_high' v='95' />
    <tag k='altitude_low' v='94' />
    <tag k='cell_size' v='2' />
  </way>
  <way id='-2147508422' action='modify' visible='true'>
    <nd ref='-2147501476' />
    <nd ref='-2147501463' />
    <nd ref='-2147501466' />
    <nd ref='-2147501479' />
    <nd ref='-2147501476' />
    <tag k='altitude_high' v='96' />
    <tag k='altitude_low' v='95' />
    <tag k='cell_size' v='2' />
  </way>
  <way id='-2147508434' action='modify' visible='true'>
    <nd ref='-2147501490' />
    <nd ref='-2147501476' />
    <nd ref='-2147501479' />
    <nd ref='-2147501493' />
    <nd ref='-2147501490' />
    <tag k='altitude_high' v='97' />
    <tag k='altitude_low' v='96' />
    <tag k='cell_size' v='2' />
  </way>
  <way id='-2147508444' action='modify' visible='true'>
    <nd ref='-2147501502' />
    <nd ref='-2147501446' />
    <nd ref='-2147501447' />
    <nd ref='-2147501505' />
    <nd ref='-2147501502' />
    <tag k='altitude_high' v='96' />
    <tag k='altitude_low' v='94' />
    <tag k='cell_size' v='2' />
  </way>
  <way id='-2147508457' action='modify' visible='true'>
    <nd ref='-2147501502' />
    <nd ref='-2147501515' />
    <nd ref='-2147501516' />
    <nd ref='-2147501517' />
    <nd ref='-2147501518' />
    <nd ref='-2147501519' />
    <nd ref='-2147501520' />
    <nd ref='-2147501521' />
    <nd ref='-2147501522' />
    <nd ref='-2147501523' />
    <nd ref='-2147501524' />
    <nd ref='-2147501505' />
    <nd ref='-2147501502' />
    <tag k='altitude' v='96' />
  </way>
  <way id='-2147508489' action='modify' visible='true'>
    <nd ref='-2147500311' />
    <nd ref='-2147501519' />
    <nd ref='-2147501520' />
    <nd ref='-2147500318' />
    <nd ref='-2147500311' />
    <tag k='altitude_high' v='100' />
    <tag k='altitude_low' v='96' />
    <tag k='cell_size' v='2' />
  </way>
  <way id='-2147508501' action='modify' visible='true'>
    <nd ref='-2147501551' />
    <nd ref='-2147501586' />
    <nd ref='-2147501565' />
    <nd ref='-2147501554' />
    <nd ref='-2147501551' />
    <tag k='altitude_high' v='112' />
    <tag k='altitude_low' v='110' />
    <tag k='cell_size' v='2' />
  </way>
  <way id='-2147508684' action='modify' visible='true'>
    <nd ref='-2147501784' />
    <nd ref='-2147501744' />
    <nd ref='-2147501723' />
    <nd ref='-2147501785' />
    <nd ref='-2147501784' />
    <tag k='altitude_high' v='102' />
    <tag k='altitude_low' v='100' />
  </way>
</osm>
